[
    {
        "model": "accounts.currencies",
        "pk": 1,
        "fields": {
            "iso": 784,
            "description": "AED"
        }
    },
    {
        "model": "accounts.currencies",
        "pk": 2,
        "fields": {
            "iso": 784,
            "description": "AFN"
        }
    },
    {
        "model": "accounts.currencies",
        "pk": 3,
        "fields": {
            "iso": 784,
            "description": "ALL"
        }
    },
    {
        "model": "accounts.currencies",
        "pk": 4,
        "fields": {
            "iso": 784,
            "description": "AMD"
        }
    },
    {
        "model": "accounts.currencies",
        "pk": 5,
        "fields": {
            "iso": 784,
            "description": "ANG"
        }
    },
    {
        "model": "accounts.currencies",
        "pk": 6,
        "fields": {
            "iso": 784,
            "description": "AOA"
        }
    },
    {
        "model": "accounts.currencies",
        "pk": 7,
        "fields": {
            "iso": 784,
            "description": "ARS"
        }
    },
    {
        "model": "accounts.currencies",
        "pk": 8,
        "fields": {
            "iso": 784,
            "description": "AUD"
        }
    },
    {
        "model": "accounts.currencies",
        "pk": 9,
        "fields": {
            "iso": 784,
            "description": "AWG"
        }
    },
    {
        "model": "accounts.currencies",
        "pk": 10,
        "fields": {
            "iso": 784,
            "description": "AZN"
        }
    },
    {
        "model": "accounts.currencies",
        "pk": 11,
        "fields": {
            "iso": 784,
            "description": "BAM"
        }
    },
    {
        "model": "accounts.currencies",
        "pk": 12,
        "fields": {
            "iso": 784,
            "description": "BBD"
        }
    },
    {
        "model": "accounts.currencies",
        "pk": 13,
        "fields": {
            "iso": 784,
            "description": "BDT"
        }
    },
    {
        "model": "accounts.currencies",
        "pk": 14,
        "fields": {
            "iso": 784,
            "description": "BGN"
        }
    },
    {
        "model": "accounts.currencies",
        "pk": 15,
        "fields": {
            "iso": 784,
            "description": "BHD"
        }
    },
    {
        "model": "accounts.currencies",
        "pk": 16,
        "fields": {
            "iso": 784,
            "description": "BIF"
        }
    },
    {
        "model": "accounts.currencies",
        "pk": 17,
        "fields": {
            "iso": 784,
            "description": "BMD"
        }
    },
    {
        "model": "accounts.currencies",
        "pk": 18,
        "fields": {
            "iso": 784,
            "description": "BND"
        }
    },
    {
        "model": "accounts.currencies",
        "pk": 19,
        "fields": {
            "iso": 784,
            "description": "BOB"
        }
    },
    {
        "model": "accounts.currencies",
        "pk": 20,
        "fields": {
            "iso": 784,
            "description": "BRL"
        }
    },
    {
        "model": "accounts.currencies",
        "pk": 21,
        "fields": {
            "iso": 784,
            "description": "BSD"
        }
    },
    {
        "model": "accounts.currencies",
        "pk": 22,
        "fields": {
            "iso": 784,
            "description": "BTC"
        }
    },
    {
        "model": "accounts.currencies",
        "pk": 23,
        "fields": {
            "iso": 784,
            "description": "BTN"
        }
    },
    {
        "model": "accounts.currencies",
        "pk": 24,
        "fields": {
            "iso": 784,
            "description": "BWP"
        }
    },
    {
        "model": "accounts.currencies",
        "pk": 25,
        "fields": {
            "iso": 784,
            "description": "BYN"
        }
    },
    {
        "model": "accounts.currencies",
        "pk": 26,
        "fields": {
            "iso": 784,
            "description": "BZD"
        }
    },
    {
        "model": "accounts.currencies",
        "pk": 27,
        "fields": {
            "iso": 784,
            "description": "CAD"
        }
    },
    {
        "model": "accounts.currencies",
        "pk": 28,
        "fields": {
            "iso": 784,
            "description": "CDF"
        }
    },
    {
        "model": "accounts.currencies",
        "pk": 29,
        "fields": {
            "iso": 784,
            "description": "CHF"
        }
    },
    {
        "model": "accounts.currencies",
        "pk": 30,
        "fields": {
            "iso": 784,
            "description": "CLF"
        }
    },
    {
        "model": "accounts.currencies",
        "pk": 31,
        "fields": {
            "iso": 784,
            "description": "CLP"
        }
    },
    {
        "model": "accounts.currencies",
        "pk": 32,
        "fields": {
            "iso": 784,
            "description": "CNH"
        }
    },
    {
        "model": "accounts.currencies",
        "pk": 33,
        "fields": {
            "iso": 784,
            "description": "CNY"
        }
    },
    {
        "model": "accounts.currencies",
        "pk": 34,
        "fields": {
            "iso": 784,
            "description": "COP"
        }
    },
    {
        "model": "accounts.currencies",
        "pk": 35,
        "fields": {
            "iso": 784,
            "description": "CRC"
        }
    },
    {
        "model": "accounts.currencies",
        "pk": 36,
        "fields": {
            "iso": 784,
            "description": "CUC"
        }
    },
    {
        "model": "accounts.currencies",
        "pk": 37,
        "fields": {
            "iso": 784,
            "description": "CUP"
        }
    },
    {
        "model": "accounts.currencies",
        "pk": 38,
        "fields": {
            "iso": 784,
            "description": "CVE"
        }
    },
    {
        "model": "accounts.currencies",
        "pk": 39,
        "fields": {
            "iso": 784,
            "description": "CZK"
        }
    },
    {
        "model": "accounts.currencies",
        "pk": 40,
        "fields": {
            "iso": 784,
            "description": "DJF"
        }
    },
    {
        "model": "accounts.currencies",
        "pk": 41,
        "fields": {
            "iso": 784,
            "description": "DKK"
        }
    },
    {
        "model": "accounts.currencies",
        "pk": 42,
        "fields": {
            "iso": 784,
            "description": "DOP"
        }
    },
    {
        "model": "accounts.currencies",
        "pk": 43,
        "fields": {
            "iso": 784,
            "description": "DZD"
        }
    },
    {
        "model": "accounts.currencies",
        "pk": 44,
        "fields": {
            "iso": 784,
            "description": "EGP"
        }
    },
    {
        "model": "accounts.currencies",
        "pk": 45,
        "fields": {
            "iso": 784,
            "description": "ERN"
        }
    },
    {
        "model": "accounts.currencies",
        "pk": 46,
        "fields": {
            "iso": 784,
            "description": "ETB"
        }
    },
    {
        "model": "accounts.currencies",
        "pk": 47,
        "fields": {
            "iso": 784,
            "description": "EUR"
        }
    },
    {
        "model": "accounts.currencies",
        "pk": 48,
        "fields": {
            "iso": 784,
            "description": "FJD"
        }
    },
    {
        "model": "accounts.currencies",
        "pk": 49,
        "fields": {
            "iso": 784,
            "description": "FKP"
        }
    },
    {
        "model": "accounts.currencies",
        "pk": 50,
        "fields": {
            "iso": 784,
            "description": "GBP"
        }
    },
    {
        "model": "accounts.currencies",
        "pk": 51,
        "fields": {
            "iso": 784,
            "description": "GEL"
        }
    },
    {
        "model": "accounts.currencies",
        "pk": 52,
        "fields": {
            "iso": 784,
            "description": "GGP"
        }
    },
    {
        "model": "accounts.currencies",
        "pk": 53,
        "fields": {
            "iso": 784,
            "description": "GHS"
        }
    },
    {
        "model": "accounts.currencies",
        "pk": 54,
        "fields": {
            "iso": 784,
            "description": "GIP"
        }
    },
    {
        "model": "accounts.currencies",
        "pk": 55,
        "fields": {
            "iso": 784,
            "description": "GMD"
        }
    },
    {
        "model": "accounts.currencies",
        "pk": 56,
        "fields": {
            "iso": 784,
            "description": "GNF"
        }
    },
    {
        "model": "accounts.currencies",
        "pk": 57,
        "fields": {
            "iso": 784,
            "description": "GTQ"
        }
    },
    {
        "model": "accounts.currencies",
        "pk": 58,
        "fields": {
            "iso": 784,
            "description": "GYD"
        }
    },
    {
        "model": "accounts.currencies",
        "pk": 59,
        "fields": {
            "iso": 784,
            "description": "HKD"
        }
    },
    {
        "model": "accounts.currencies",
        "pk": 60,
        "fields": {
            "iso": 784,
            "description": "HNL"
        }
    },
    {
        "model": "accounts.currencies",
        "pk": 61,
        "fields": {
            "iso": 784,
            "description": "HRK"
        }
    },
    {
        "model": "accounts.currencies",
        "pk": 62,
        "fields": {
            "iso": 784,
            "description": "HTG"
        }
    },
    {
        "model": "accounts.currencies",
        "pk": 63,
        "fields": {
            "iso": 784,
            "description": "HUF"
        }
    },
    {
        "model": "accounts.currencies",
        "pk": 64,
        "fields": {
            "iso": 784,
            "description": "IDR"
        }
    },
    {
        "model": "accounts.currencies",
        "pk": 65,
        "fields": {
            "iso": 784,
            "description": "ILS"
        }
    },
    {
        "model": "accounts.currencies",
        "pk": 66,
        "fields": {
            "iso": 784,
            "description": "IMP"
        }
    },
    {
        "model": "accounts.currencies",
        "pk": 67,
        "fields": {
            "iso": 784,
            "description": "INR"
        }
    },
    {
        "model": "accounts.currencies",
        "pk": 68,
        "fields": {
            "iso": 784,
            "description": "IQD"
        }
    },
    {
        "model": "accounts.currencies",
        "pk": 69,
        "fields": {
            "iso": 784,
            "description": "IRR"
        }
    },
    {
        "model": "accounts.currencies",
        "pk": 70,
        "fields": {
            "iso": 784,
            "description": "ISK"
        }
    },
    {
        "model": "accounts.currencies",
        "pk": 71,
        "fields": {
            "iso": 784,
            "description": "JEP"
        }
    },
    {
        "model": "accounts.currencies",
        "pk": 72,
        "fields": {
            "iso": 784,
            "description": "JMD"
        }
    },
    {
        "model": "accounts.currencies",
        "pk": 73,
        "fields": {
            "iso": 784,
            "description": "JOD"
        }
    },
    {
        "model": "accounts.currencies",
        "pk": 74,
        "fields": {
            "iso": 784,
            "description": "JPY"
        }
    },
    {
        "model": "accounts.currencies",
        "pk": 75,
        "fields": {
            "iso": 784,
            "description": "KES"
        }
    },
    {
        "model": "accounts.currencies",
        "pk": 76,
        "fields": {
            "iso": 784,
            "description": "KGS"
        }
    },
    {
        "model": "accounts.currencies",
        "pk": 77,
        "fields": {
            "iso": 784,
            "description": "KHR"
        }
    },
    {
        "model": "accounts.currencies",
        "pk": 78,
        "fields": {
            "iso": 784,
            "description": "KMF"
        }
    },
    {
        "model": "accounts.currencies",
        "pk": 79,
        "fields": {
            "iso": 784,
            "description": "KPW"
        }
    },
    {
        "model": "accounts.currencies",
        "pk": 80,
        "fields": {
            "iso": 784,
            "description": "KRW"
        }
    },
    {
        "model": "accounts.currencies",
        "pk": 81,
        "fields": {
            "iso": 784,
            "description": "KWD"
        }
    },
    {
        "model": "accounts.currencies",
        "pk": 82,
        "fields": {
            "iso": 784,
            "description": "KYD"
        }
    },
    {
        "model": "accounts.currencies",
        "pk": 83,
        "fields": {
            "iso": 784,
            "description": "KZT"
        }
    },
    {
        "model": "accounts.currencies",
        "pk": 84,
        "fields": {
            "iso": 784,
            "description": "LAK"
        }
    },
    {
        "model": "accounts.currencies",
        "pk": 85,
        "fields": {
            "iso": 784,
            "description": "LBP"
        }
    },
    {
        "model": "accounts.currencies",
        "pk": 86,
        "fields": {
            "iso": 784,
            "description": "LKR"
        }
    },
    {
        "model": "accounts.currencies",
        "pk": 87,
        "fields": {
            "iso": 784,
            "description": "LRD"
        }
    },
    {
        "model": "accounts.currencies",
        "pk": 88,
        "fields": {
            "iso": 784,
            "description": "LSL"
        }
    },
    {
        "model": "accounts.currencies",
        "pk": 89,
        "fields": {
            "iso": 784,
            "description": "LYD"
        }
    },
    {
        "model": "accounts.currencies",
        "pk": 90,
        "fields": {
            "iso": 784,
            "description": "MAD"
        }
    },
    {
        "model": "accounts.currencies",
        "pk": 91,
        "fields": {
            "iso": 784,
            "description": "MDL"
        }
    },
    {
        "model": "accounts.currencies",
        "pk": 92,
        "fields": {
            "iso": 784,
            "description": "MGA"
        }
    },
    {
        "model": "accounts.currencies",
        "pk": 93,
        "fields": {
            "iso": 784,
            "description": "MKD"
        }
    },
    {
        "model": "accounts.currencies",
        "pk": 94,
        "fields": {
            "iso": 784,
            "description": "MMK"
        }
    },
    {
        "model": "accounts.currencies",
        "pk": 95,
        "fields": {
            "iso": 784,
            "description": "MNT"
        }
    },
    {
        "model": "accounts.currencies",
        "pk": 96,
        "fields": {
            "iso": 784,
            "description": "MOP"
        }
    },
    {
        "model": "accounts.currencies",
        "pk": 97,
        "fields": {
            "iso": 784,
            "description": "MRU"
        }
    },
    {
        "model": "accounts.currencies",
        "pk": 98,
        "fields": {
            "iso": 784,
            "description": "MUR"
        }
    },
    {
        "model": "accounts.currencies",
        "pk": 99,
        "fields": {
            "iso": 784,
            "description": "MVR"
        }
    },
    {
        "model": "accounts.currencies",
        "pk": 100,
        "fields": {
            "iso": 784,
            "description": "MWK"
        }
    },
    {
        "model": "accounts.currencies",
        "pk": 101,
        "fields": {
            "iso": 784,
            "description": "MXN"
        }
    },
    {
        "model": "accounts.currencies",
        "pk": 102,
        "fields": {
            "iso": 784,
            "description": "MYR"
        }
    },
    {
        "model": "accounts.currencies",
        "pk": 103,
        "fields": {
            "iso": 784,
            "description": "MZN"
        }
    },
    {
        "model": "accounts.currencies",
        "pk": 104,
        "fields": {
            "iso": 784,
            "description": "NAD"
        }
    },
    {
        "model": "accounts.currencies",
        "pk": 105,
        "fields": {
            "iso": 784,
            "description": "NGN"
        }
    },
    {
        "model": "accounts.currencies",
        "pk": 106,
        "fields": {
            "iso": 784,
            "description": "NIO"
        }
    },
    {
        "model": "accounts.currencies",
        "pk": 107,
        "fields": {
            "iso": 784,
            "description": "NOK"
        }
    },
    {
        "model": "accounts.currencies",
        "pk": 108,
        "fields": {
            "iso": 784,
            "description": "NPR"
        }
    },
    {
        "model": "accounts.currencies",
        "pk": 109,
        "fields": {
            "iso": 784,
            "description": "NZD"
        }
    },
    {
        "model": "accounts.currencies",
        "pk": 110,
        "fields": {
            "iso": 784,
            "description": "OMR"
        }
    },
    {
        "model": "accounts.currencies",
        "pk": 111,
        "fields": {
            "iso": 784,
            "description": "PAB"
        }
    },
    {
        "model": "accounts.currencies",
        "pk": 112,
        "fields": {
            "iso": 784,
            "description": "PEN"
        }
    },
    {
        "model": "accounts.currencies",
        "pk": 113,
        "fields": {
            "iso": 784,
            "description": "PGK"
        }
    },
    {
        "model": "accounts.currencies",
        "pk": 114,
        "fields": {
            "iso": 784,
            "description": "PHP"
        }
    },
    {
        "model": "accounts.currencies",
        "pk": 115,
        "fields": {
            "iso": 784,
            "description": "PKR"
        }
    },
    {
        "model": "accounts.currencies",
        "pk": 116,
        "fields": {
            "iso": 784,
            "description": "PLN"
        }
    },
    {
        "model": "accounts.currencies",
        "pk": 117,
        "fields": {
            "iso": 784,
            "description": "PYG"
        }
    },
    {
        "model": "accounts.currencies",
        "pk": 118,
        "fields": {
            "iso": 784,
            "description": "QAR"
        }
    },
    {
        "model": "accounts.currencies",
        "pk": 119,
        "fields": {
            "iso": 784,
            "description": "RON"
        }
    },
    {
        "model": "accounts.currencies",
        "pk": 120,
        "fields": {
            "iso": 784,
            "description": "RSD"
        }
    },
    {
        "model": "accounts.currencies",
        "pk": 121,
        "fields": {
            "iso": 784,
            "description": "RUB"
        }
    },
    {
        "model": "accounts.currencies",
        "pk": 122,
        "fields": {
            "iso": 784,
            "description": "RWF"
        }
    },
    {
        "model": "accounts.currencies",
        "pk": 123,
        "fields": {
            "iso": 784,
            "description": "SAR"
        }
    },
    {
        "model": "accounts.currencies",
        "pk": 124,
        "fields": {
            "iso": 784,
            "description": "SBD"
        }
    },
    {
        "model": "accounts.currencies",
        "pk": 125,
        "fields": {
            "iso": 784,
            "description": "SCR"
        }
    },
    {
        "model": "accounts.currencies",
        "pk": 126,
        "fields": {
            "iso": 784,
            "description": "SDG"
        }
    },
    {
        "model": "accounts.currencies",
        "pk": 127,
        "fields": {
            "iso": 784,
            "description": "SEK"
        }
    },
    {
        "model": "accounts.currencies",
        "pk": 128,
        "fields": {
            "iso": 784,
            "description": "SGD"
        }
    },
    {
        "model": "accounts.currencies",
        "pk": 129,
        "fields": {
            "iso": 784,
            "description": "SHP"
        }
    },
    {
        "model": "accounts.currencies",
        "pk": 130,
        "fields": {
            "iso": 784,
            "description": "SLL"
        }
    },
    {
        "model": "accounts.currencies",
        "pk": 131,
        "fields": {
            "iso": 784,
            "description": "SOS"
        }
    },
    {
        "model": "accounts.currencies",
        "pk": 132,
        "fields": {
            "iso": 784,
            "description": "SRD"
        }
    },
    {
        "model": "accounts.currencies",
        "pk": 133,
        "fields": {
            "iso": 784,
            "description": "SSP"
        }
    },
    {
        "model": "accounts.currencies",
        "pk": 134,
        "fields": {
            "iso": 784,
            "description": "STD"
        }
    },
    {
        "model": "accounts.currencies",
        "pk": 135,
        "fields": {
            "iso": 784,
            "description": "STN"
        }
    },
    {
        "model": "accounts.currencies",
        "pk": 136,
        "fields": {
            "iso": 784,
            "description": "SVC"
        }
    },
    {
        "model": "accounts.currencies",
        "pk": 137,
        "fields": {
            "iso": 784,
            "description": "SYP"
        }
    },
    {
        "model": "accounts.currencies",
        "pk": 138,
        "fields": {
            "iso": 784,
            "description": "SZL"
        }
    },
    {
        "model": "accounts.currencies",
        "pk": 139,
        "fields": {
            "iso": 784,
            "description": "THB"
        }
    },
    {
        "model": "accounts.currencies",
        "pk": 140,
        "fields": {
            "iso": 784,
            "description": "TJS"
        }
    },
    {
        "model": "accounts.currencies",
        "pk": 141,
        "fields": {
            "iso": 784,
            "description": "TMT"
        }
    },
    {
        "model": "accounts.currencies",
        "pk": 142,
        "fields": {
            "iso": 784,
            "description": "TND"
        }
    },
    {
        "model": "accounts.currencies",
        "pk": 143,
        "fields": {
            "iso": 784,
            "description": "TOP"
        }
    },
    {
        "model": "accounts.currencies",
        "pk": 144,
        "fields": {
            "iso": 784,
            "description": "TRY"
        }
    },
    {
        "model": "accounts.currencies",
        "pk": 145,
        "fields": {
            "iso": 784,
            "description": "TTD"
        }
    },
    {
        "model": "accounts.currencies",
        "pk": 146,
        "fields": {
            "iso": 784,
            "description": "TWD"
        }
    },
    {
        "model": "accounts.currencies",
        "pk": 147,
        "fields": {
            "iso": 784,
            "description": "TZS"
        }
    },
    {
        "model": "accounts.currencies",
        "pk": 148,
        "fields": {
            "iso": 784,
            "description": "UAH"
        }
    },
    {
        "model": "accounts.currencies",
        "pk": 149,
        "fields": {
            "iso": 784,
            "description": "UGX"
        }
    },
    {
        "model": "accounts.currencies",
        "pk": 150,
        "fields": {
            "iso": 784,
            "description": "USD"
        }
    },
    {
        "model": "accounts.currencies",
        "pk": 151,
        "fields": {
            "iso": 784,
            "description": "UYU"
        }
    },
    {
        "model": "accounts.currencies",
        "pk": 152,
        "fields": {
            "iso": 784,
            "description": "UZS"
        }
    },
    {
        "model": "accounts.currencies",
        "pk": 153,
        "fields": {
            "iso": 784,
            "description": "VEF"
        }
    },
    {
        "model": "accounts.currencies",
        "pk": 154,
        "fields": {
            "iso": 784,
            "description": "VES"
        }
    },
    {
        "model": "accounts.currencies",
        "pk": 155,
        "fields": {
            "iso": 784,
            "description": "VND"
        }
    },
    {
        "model": "accounts.currencies",
        "pk": 156,
        "fields": {
            "iso": 784,
            "description": "VUV"
        }
    },
    {
        "model": "accounts.currencies",
        "pk": 157,
        "fields": {
            "iso": 784,
            "description": "WST"
        }
    },
    {
        "model": "accounts.currencies",
        "pk": 158,
        "fields": {
            "iso": 784,
            "description": "XAF"
        }
    },
    {
        "model": "accounts.currencies",
        "pk": 159,
        "fields": {
            "iso": 784,
            "description": "XAG"
        }
    },
    {
        "model": "accounts.currencies",
        "pk": 160,
        "fields": {
            "iso": 784,
            "description": "XAU"
        }
    },
    {
        "model": "accounts.currencies",
        "pk": 161,
        "fields": {
            "iso": 784,
            "description": "XCD"
        }
    },
    {
        "model": "accounts.currencies",
        "pk": 162,
        "fields": {
            "iso": 784,
            "description": "XDR"
        }
    },
    {
        "model": "accounts.currencies",
        "pk": 163,
        "fields": {
            "iso": 784,
            "description": "XOF"
        }
    },
    {
        "model": "accounts.currencies",
        "pk": 164,
        "fields": {
            "iso": 784,
            "description": "XPD"
        }
    },
    {
        "model": "accounts.currencies",
        "pk": 165,
        "fields": {
            "iso": 784,
            "description": "XPF"
        }
    },
    {
        "model": "accounts.currencies",
        "pk": 166,
        "fields": {
            "iso": 784,
            "description": "XPT"
        }
    },
    {
        "model": "accounts.currencies",
        "pk": 167,
        "fields": {
            "iso": 784,
            "description": "YER"
        }
    },
    {
        "model": "accounts.currencies",
        "pk": 168,
        "fields": {
            "iso": 784,
            "description": "ZAR"
        }
    },
    {
        "model": "accounts.currencies",
        "pk": 169,
        "fields": {
            "iso": 784,
            "description": "ZMW"
        }
    },
    {
        "model": "accounts.countries",
        "pk": 1,
        "fields": {
            "country": "AFGHANISTAN",
            "dial_code": 93
        }
    },
    {
        "model": "accounts.countries",
        "pk": 2,
        "fields": {
            "country": "ALBANIA",
            "dial_code": 355
        }
    },
    {
        "model": "accounts.countries",
        "pk": 3,
        "fields": {
            "country": "ALGERIA",
            "dial_code": 213
        }
    },
    {
        "model": "accounts.countries",
        "pk": 4,
        "fields": {
            "country": "AMERICAN SAMOA",
            "dial_code": 1684
        }
    },
    {
        "model": "accounts.countries",
        "pk": 5,
        "fields": {
            "country": "ANDORRA",
            "dial_code": 376
        }
    },
    {
        "model": "accounts.countries",
        "pk": 6,
        "fields": {
            "country": "ANGOLA",
            "dial_code": 244
        }
    },
    {
        "model": "accounts.countries",
        "pk": 7,
        "fields": {
            "country": "ANGUILLA",
            "dial_code": 1264
        }
    },
    {
        "model": "accounts.countries",
        "pk": 8,
        "fields": {
            "country": "ANTARCTICA",
            "dial_code": 672
        }
    },
    {
        "model": "accounts.countries",
        "pk": 9,
        "fields": {
            "country": "ANTIGUA AND BARBUDA",
            "dial_code": 1268
        }
    },
    {
        "model": "accounts.countries",
        "pk": 10,
        "fields": {
            "country": "ARGENTINA",
            "dial_code": 54
        }
    },
    {
        "model": "accounts.countries",
        "pk": 11,
        "fields": {
            "country": "ARMENIA",
            "dial_code": 374
        }
    },
    {
        "model": "accounts.countries",
        "pk": 12,
        "fields": {
            "country": "ARUBA",
            "dial_code": 297
        }
    },
    {
        "model": "accounts.countries",
        "pk": 13,
        "fields": {
            "country": "AUSTRALIA",
            "dial_code": 61
        }
    },
    {
        "model": "accounts.countries",
        "pk": 14,
        "fields": {
            "country": "AUSTRIA",
            "dial_code": 43
        }
    },
    {
        "model": "accounts.countries",
        "pk": 15,
        "fields": {
            "country": "AZERBAIJAN",
            "dial_code": 994
        }
    },
    {
        "model": "accounts.countries",
        "pk": 16,
        "fields": {
            "country": "BAHAMAS",
            "dial_code": 1242
        }
    },
    {
        "model": "accounts.countries",
        "pk": 17,
        "fields": {
            "country": "BAHRAIN",
            "dial_code": 973
        }
    },
    {
        "model": "accounts.countries",
        "pk": 18,
        "fields": {
            "country": "BANGLADESH",
            "dial_code": 880
        }
    },
    {
        "model": "accounts.countries",
        "pk": 19,
        "fields": {
            "country": "BARBADOS",
            "dial_code": 1246
        }
    },
    {
        "model": "accounts.countries",
        "pk": 20,
        "fields": {
            "country": "BELARUS",
            "dial_code": 375
        }
    },
    {
        "model": "accounts.countries",
        "pk": 21,
        "fields": {
            "country": "BELGIUM",
            "dial_code": 32
        }
    },
    {
        "model": "accounts.countries",
        "pk": 22,
        "fields": {
            "country": "BELIZE",
            "dial_code": 501
        }
    },
    {
        "model": "accounts.countries",
        "pk": 23,
        "fields": {
            "country": "BENIN",
            "dial_code": 229
        }
    },
    {
        "model": "accounts.countries",
        "pk": 24,
        "fields": {
            "country": "BERMUDA",
            "dial_code": 1441
        }
    },
    {
        "model": "accounts.countries",
        "pk": 25,
        "fields": {
            "country": "BHUTAN",
            "dial_code": 975
        }
    },
    {
        "model": "accounts.countries",
        "pk": 26,
        "fields": {
            "country": "BOLIVIA",
            "dial_code": 591
        }
    },
    {
        "model": "accounts.countries",
        "pk": 27,
        "fields": {
            "country": "BOSNIA AND HERZEGOVINA",
            "dial_code": 387
        }
    },
    {
        "model": "accounts.countries",
        "pk": 28,
        "fields": {
            "country": "BOTSWANA",
            "dial_code": 267
        }
    },
    {
        "model": "accounts.countries",
        "pk": 29,
        "fields": {
            "country": "BRAZIL",
            "dial_code": 55
        }
    },
    {
        "model": "accounts.countries",
        "pk": 30,
        "fields": {
            "country": "BRITISH INDIAN OCEAN TERRITORY",
            "dial_code": 246
        }
    },
    {
        "model": "accounts.countries",
        "pk": 31,
        "fields": {
            "country": "BRITISH VIRGIN ISLANDS",
            "dial_code": 1284
        }
    },
    {
        "model": "accounts.countries",
        "pk": 32,
        "fields": {
            "country": "BRUNEI DARUSSALAM",
            "dial_code": 673
        }
    },
    {
        "model": "accounts.countries",
        "pk": 33,
        "fields": {
            "country": "BULGARIA",
            "dial_code": 359
        }
    },
    {
        "model": "accounts.countries",
        "pk": 34,
        "fields": {
            "country": "BURKINA FASO",
            "dial_code": 226
        }
    },
    {
        "model": "accounts.countries",
        "pk": 35,
        "fields": {
            "country": "BURUNDI",
            "dial_code": 257
        }
    },
    {
        "model": "accounts.countries",
        "pk": 36,
        "fields": {
            "country": "CAMBODIA",
            "dial_code": 855
        }
    },
    {
        "model": "accounts.countries",
        "pk": 37,
        "fields": {
            "country": "CAMEROON",
            "dial_code": 237
        }
    },
    {
        "model": "accounts.countries",
        "pk": 38,
        "fields": {
            "country": "CANADA",
            "dial_code": 1
        }
    },
    {
        "model": "accounts.countries",
        "pk": 39,
        "fields": {
            "country": "CAPE VERDE",
            "dial_code": 238
        }
    },
    {
        "model": "accounts.countries",
        "pk": 40,
        "fields": {
            "country": "CAYMAN ISLAND",
            "dial_code": 1345
        }
    },
    {
        "model": "accounts.countries",
        "pk": 41,
        "fields": {
            "country": "CENTRAL AFRICAN REPUBLIC",
            "dial_code": 236
        }
    },
    {
        "model": "accounts.countries",
        "pk": 42,
        "fields": {
            "country": "CHAD",
            "dial_code": 235
        }
    },
    {
        "model": "accounts.countries",
        "pk": 43,
        "fields": {
            "country": "CHILE",
            "dial_code": 56
        }
    },
    {
        "model": "accounts.countries",
        "pk": 44,
        "fields": {
            "country": "CHINA",
            "dial_code": 86
        }
    },
    {
        "model": "accounts.countries",
        "pk": 45,
        "fields": {
            "country": "CHRISTMAS ISLAND",
            "dial_code": 61
        }
    },
    {
        "model": "accounts.countries",
        "pk": 46,
        "fields": {
            "country": "COCOS ISLANDS",
            "dial_code": 61
        }
    },
    {
        "model": "accounts.countries",
        "pk": 47,
        "fields": {
            "country": "COLOMBIA",
            "dial_code": 57
        }
    },
    {
        "model": "accounts.countries",
        "pk": 48,
        "fields": {
            "country": "CONGO",
            "dial_code": 243
        }
    },
    {
        "model": "accounts.countries",
        "pk": 49,
        "fields": {
            "country": "COMOROS",
            "dial_code": 269
        }
    },
    {
        "model": "accounts.countries",
        "pk": 50,
        "fields": {
            "country": "COOK ISLANDS",
            "dial_code": 682
        }
    },
    {
        "model": "accounts.countries",
        "pk": 51,
        "fields": {
            "country": "COSTA RICA",
            "dial_code": 506
        }
    },
    {
        "model": "accounts.countries",
        "pk": 52,
        "fields": {
            "country": "CROATIA",
            "dial_code": 385
        }
    },
    {
        "model": "accounts.countries",
        "pk": 53,
        "fields": {
            "country": "CUBA",
            "dial_code": 53
        }
    },
    {
        "model": "accounts.countries",
        "pk": 54,
        "fields": {
            "country": "CURACAO",
            "dial_code": 599
        }
    },
    {
        "model": "accounts.countries",
        "pk": 55,
        "fields": {
            "country": "CYPRUS",
            "dial_code": 357
        }
    },
    {
        "model": "accounts.countries",
        "pk": 56,
        "fields": {
            "country": "CZECH REPUBLIC",
            "dial_code": 420
        }
    },
    {
        "model": "accounts.countries",
        "pk": 57,
        "fields": {
            "country": "DENMARK",
            "dial_code": 45
        }
    },
    {
        "model": "accounts.countries",
        "pk": 58,
        "fields": {
            "country": "DJIBOUTI",
            "dial_code": 253
        }
    },
    {
        "model": "accounts.countries",
        "pk": 59,
        "fields": {
            "country": "DOMINICA",
            "dial_code": 1767
        }
    },
    {
        "model": "accounts.countries",
        "pk": 60,
        "fields": {
            "country": "DOMINICAN REPUBLIC",
            "dial_code": 1829
        }
    },
    {
        "model": "accounts.countries",
        "pk": 61,
        "fields": {
            "country": "EAST TIMOR",
            "dial_code": 670
        }
    },
    {
        "model": "accounts.countries",
        "pk": 62,
        "fields": {
            "country": "ECUADOR",
            "dial_code": 593
        }
    },
    {
        "model": "accounts.countries",
        "pk": 63,
        "fields": {
            "country": "EGYPT",
            "dial_code": 20
        }
    },
    {
        "model": "accounts.countries",
        "pk": 64,
        "fields": {
            "country": "EL SALVADOR",
            "dial_code": 503
        }
    },
    {
        "model": "accounts.countries",
        "pk": 65,
        "fields": {
            "country": "EQUATORIAL GUINEA",
            "dial_code": 240
        }
    },
    {
        "model": "accounts.countries",
        "pk": 66,
        "fields": {
            "country": "ERITREA",
            "dial_code": 291
        }
    },
    {
        "model": "accounts.countries",
        "pk": 67,
        "fields": {
            "country": "ESTONIA",
            "dial_code": 372
        }
    },
    {
        "model": "accounts.countries",
        "pk": 68,
        "fields": {
            "country": "ETHIOPIA",
            "dial_code": 251
        }
    },
    {
        "model": "accounts.countries",
        "pk": 69,
        "fields": {
            "country": "FALKLAND ISLANDS (MALVINAS)",
            "dial_code": 500
        }
    },
    {
        "model": "accounts.countries",
        "pk": 70,
        "fields": {
            "country": "FAROE ISLANDS",
            "dial_code": 298
        }
    },
    {
        "model": "accounts.countries",
        "pk": 71,
        "fields": {
            "country": "FIJI",
            "dial_code": 679
        }
    },
    {
        "model": "accounts.countries",
        "pk": 72,
        "fields": {
            "country": "FINLAND",
            "dial_code": 358
        }
    },
    {
        "model": "accounts.countries",
        "pk": 73,
        "fields": {
            "country": "FRANCE",
            "dial_code": 33
        }
    },
    {
        "model": "accounts.countries",
        "pk": 74,
        "fields": {
            "country": "FRENCH GUIANA",
            "dial_code": 594
        }
    },
    {
        "model": "accounts.countries",
        "pk": 75,
        "fields": {
            "country": "FRENCH POLYNESIA",
            "dial_code": 689
        }
    },
    {
        "model": "accounts.countries",
        "pk": 76,
        "fields": {
            "country": "GABON",
            "dial_code": 241
        }
    },
    {
        "model": "accounts.countries",
        "pk": 77,
        "fields": {
            "country": "GAMBIA",
            "dial_code": 220
        }
    },
    {
        "model": "accounts.countries",
        "pk": 78,
        "fields": {
            "country": "GEORGIA",
            "dial_code": 995
        }
    },
    {
        "model": "accounts.countries",
        "pk": 79,
        "fields": {
            "country": "GERMANY",
            "dial_code": 49
        }
    },
    {
        "model": "accounts.countries",
        "pk": 80,
        "fields": {
            "country": "GHANA",
            "dial_code": 233
        }
    },
    {
        "model": "accounts.countries",
        "pk": 81,
        "fields": {
            "country": "GIBRALTAR",
            "dial_code": 350
        }
    },
    {
        "model": "accounts.countries",
        "pk": 82,
        "fields": {
            "country": "GREECE",
            "dial_code": 30
        }
    },
    {
        "model": "accounts.countries",
        "pk": 83,
        "fields": {
            "country": "GREENLAND",
            "dial_code": 299
        }
    },
    {
        "model": "accounts.countries",
        "pk": 84,
        "fields": {
            "country": "GRENADA",
            "dial_code": 1473
        }
    },
    {
        "model": "accounts.countries",
        "pk": 85,
        "fields": {
            "country": "GUADELOUPE",
            "dial_code": 590
        }
    },
    {
        "model": "accounts.countries",
        "pk": 86,
        "fields": {
            "country": "GUAM",
            "dial_code": 1671
        }
    },
    {
        "model": "accounts.countries",
        "pk": 87,
        "fields": {
            "country": "GUATEMALA",
            "dial_code": 502
        }
    },
    {
        "model": "accounts.countries",
        "pk": 88,
        "fields": {
            "country": "GUERNSEY",
            "dial_code": 441481
        }
    },
    {
        "model": "accounts.countries",
        "pk": 89,
        "fields": {
            "country": "GUINEA",
            "dial_code": 224
        }
    },
    {
        "model": "accounts.countries",
        "pk": 90,
        "fields": {
            "country": "GUINEA-BISSAU",
            "dial_code": 245
        }
    },
    {
        "model": "accounts.countries",
        "pk": 91,
        "fields": {
            "country": "GUYANA",
            "dial_code": 592
        }
    },
    {
        "model": "accounts.countries",
        "pk": 92,
        "fields": {
            "country": "HAITI",
            "dial_code": 509
        }
    },
    {
        "model": "accounts.countries",
        "pk": 93,
        "fields": {
            "country": "HONDURAS",
            "dial_code": 504
        }
    },
    {
        "model": "accounts.countries",
        "pk": 94,
        "fields": {
            "country": "HONG KONG",
            "dial_code": 852
        }
    },
    {
        "model": "accounts.countries",
        "pk": 95,
        "fields": {
            "country": "HUNGARY",
            "dial_code": 36
        }
    },
    {
        "model": "accounts.countries",
        "pk": 96,
        "fields": {
            "country": "ICELAND",
            "dial_code": 354
        }
    },
    {
        "model": "accounts.countries",
        "pk": 97,
        "fields": {
            "country": "INDIA",
            "dial_code": 91
        }
    },
    {
        "model": "accounts.countries",
        "pk": 98,
        "fields": {
            "country": "INDONESIA",
            "dial_code": 62
        }
    },
    {
        "model": "accounts.countries",
        "pk": 99,
        "fields": {
            "country": "IRAN",
            "dial_code": 98
        }
    },
    {
        "model": "accounts.countries",
        "pk": 100,
        "fields": {
            "country": "IRAQ",
            "dial_code": 964
        }
    },
    {
        "model": "accounts.countries",
        "pk": 101,
        "fields": {
            "country": "IRELAND",
            "dial_code": 353
        }
    },
    {
        "model": "accounts.countries",
        "pk": 102,
        "fields": {
            "country": "ISLE OF MAN",
            "dial_code": 441624
        }
    },
    {
        "model": "accounts.countries",
        "pk": 103,
        "fields": {
            "country": "ISRAEL",
            "dial_code": 972
        }
    },
    {
        "model": "accounts.countries",
        "pk": 104,
        "fields": {
            "country": "ITALY",
            "dial_code": 39
        }
    },
    {
        "model": "accounts.countries",
        "pk": 105,
        "fields": {
            "country": "IVORY COAST",
            "dial_code": 225
        }
    },
    {
        "model": "accounts.countries",
        "pk": 106,
        "fields": {
            "country": "JAMAICA",
            "dial_code": 1876
        }
    },
    {
        "model": "accounts.countries",
        "pk": 107,
        "fields": {
            "country": "JAPAN",
            "dial_code": 81
        }
    },
    {
        "model": "accounts.countries",
        "pk": 108,
        "fields": {
            "country": "JERSEY",
            "dial_code": 441534
        }
    },
    {
        "model": "accounts.countries",
        "pk": 109,
        "fields": {
            "country": "JORDAN",
            "dial_code": 962
        }
    },
    {
        "model": "accounts.countries",
        "pk": 110,
        "fields": {
            "country": "KAZAKHSTAN",
            "dial_code": 7
        }
    },
    {
        "model": "accounts.countries",
        "pk": 111,
        "fields": {
            "country": "KENYA",
            "dial_code": 254
        }
    },
    {
        "model": "accounts.countries",
        "pk": 112,
        "fields": {
            "country": "KIRIBATI",
            "dial_code": 686
        }
    },
    {
        "model": "accounts.countries",
        "pk": 113,
        "fields": {
            "country": "KOREA",
            "dial_code": 82
        }
    },
    {
        "model": "accounts.countries",
        "pk": 114,
        "fields": {
            "country": "KOSOVO",
            "dial_code": 383
        }
    },
    {
        "model": "accounts.countries",
        "pk": 115,
        "fields": {
            "country": "KUWAIT",
            "dial_code": 965
        }
    },
    {
        "model": "accounts.countries",
        "pk": 116,
        "fields": {
            "country": "KYRGYZSTAN",
            "dial_code": 996
        }
    },
    {
        "model": "accounts.countries",
        "pk": 117,
        "fields": {
            "country": "LAOS",
            "dial_code": 856
        }
    },
    {
        "model": "accounts.countries",
        "pk": 118,
        "fields": {
            "country": "LATVIA",
            "dial_code": 371
        }
    },
    {
        "model": "accounts.countries",
        "pk": 119,
        "fields": {
            "country": "LEBANON",
            "dial_code": 961
        }
    },
    {
        "model": "accounts.countries",
        "pk": 120,
        "fields": {
            "country": "LESOTHO",
            "dial_code": 266
        }
    },
    {
        "model": "accounts.countries",
        "pk": 121,
        "fields": {
            "country": "LIBERIA",
            "dial_code": 231
        }
    },
    {
        "model": "accounts.countries",
        "pk": 122,
        "fields": {
            "country": "LIBYA",
            "dial_code": 218
        }
    },
    {
        "model": "accounts.countries",
        "pk": 123,
        "fields": {
            "country": "LIECHTENSTEIN",
            "dial_code": 423
        }
    },
    {
        "model": "accounts.countries",
        "pk": 124,
        "fields": {
            "country": "LITHUANIA",
            "dial_code": 370
        }
    },
    {
        "model": "accounts.countries",
        "pk": 125,
        "fields": {
            "country": "LUXEMBOURG",
            "dial_code": 352
        }
    },
    {
        "model": "accounts.countries",
        "pk": 126,
        "fields": {
            "country": "MACAU",
            "dial_code": 853
        }
    },
    {
        "model": "accounts.countries",
        "pk": 127,
        "fields": {
            "country": "MACEDONIA",
            "dial_code": 389
        }
    },
    {
        "model": "accounts.countries",
        "pk": 128,
        "fields": {
            "country": "MADAGASCAR",
            "dial_code": 261
        }
    },
    {
        "model": "accounts.countries",
        "pk": 129,
        "fields": {
            "country": "MALAWI",
            "dial_code": 265
        }
    },
    {
        "model": "accounts.countries",
        "pk": 130,
        "fields": {
            "country": "MALAYSIA",
            "dial_code": 60
        }
    },
    {
        "model": "accounts.countries",
        "pk": 131,
        "fields": {
            "country": "MALDIVES",
            "dial_code": 960
        }
    },
    {
        "model": "accounts.countries",
        "pk": 132,
        "fields": {
            "country": "MALI",
            "dial_code": 223
        }
    },
    {
        "model": "accounts.countries",
        "pk": 133,
        "fields": {
            "country": "MALTA",
            "dial_code": 356
        }
    },
    {
        "model": "accounts.countries",
        "pk": 134,
        "fields": {
            "country": "MARSHALL ISLANDS",
            "dial_code": 692
        }
    },
    {
        "model": "accounts.countries",
        "pk": 135,
        "fields": {
            "country": "MARTINIQUE",
            "dial_code": 596
        }
    },
    {
        "model": "accounts.countries",
        "pk": 136,
        "fields": {
            "country": "MAURITANIA",
            "dial_code": 222
        }
    },
    {
        "model": "accounts.countries",
        "pk": 137,
        "fields": {
            "country": "MAURITIUS",
            "dial_code": 230
        }
    },
    {
        "model": "accounts.countries",
        "pk": 138,
        "fields": {
            "country": "MAYOTTE",
            "dial_code": 262
        }
    },
    {
        "model": "accounts.countries",
        "pk": 139,
        "fields": {
            "country": "MEXICO",
            "dial_code": 52
        }
    },
    {
        "model": "accounts.countries",
        "pk": 140,
        "fields": {
            "country": "MICRONESIA",
            "dial_code": 691
        }
    },
    {
        "model": "accounts.countries",
        "pk": 141,
        "fields": {
            "country": "MOLDOVA",
            "dial_code": 373
        }
    },
    {
        "model": "accounts.countries",
        "pk": 142,
        "fields": {
            "country": "MONACO",
            "dial_code": 377
        }
    },
    {
        "model": "accounts.countries",
        "pk": 143,
        "fields": {
            "country": "MONGOLIA",
            "dial_code": 976
        }
    },
    {
        "model": "accounts.countries",
        "pk": 144,
        "fields": {
            "country": "MONTENEGRO",
            "dial_code": 382
        }
    },
    {
        "model": "accounts.countries",
        "pk": 145,
        "fields": {
            "country": "MONTSERRAT",
            "dial_code": 1664
        }
    },
    {
        "model": "accounts.countries",
        "pk": 146,
        "fields": {
            "country": "MOROCCO",
            "dial_code": 212
        }
    },
    {
        "model": "accounts.countries",
        "pk": 147,
        "fields": {
            "country": "MOZAMBIQUE",
            "dial_code": 258
        }
    },
    {
        "model": "accounts.countries",
        "pk": 148,
        "fields": {
            "country": "MYANMAR",
            "dial_code": 95
        }
    },
    {
        "model": "accounts.countries",
        "pk": 149,
        "fields": {
            "country": "NAMIBIA",
            "dial_code": 264
        }
    },
    {
        "model": "accounts.countries",
        "pk": 150,
        "fields": {
            "country": "NAURU",
            "dial_code": 674
        }
    },
    {
        "model": "accounts.countries",
        "pk": 151,
        "fields": {
            "country": "NEPAL",
            "dial_code": 977
        }
    },
    {
        "model": "accounts.countries",
        "pk": 152,
        "fields": {
            "country": "NETHERLANDS",
            "dial_code": 31
        }
    },
    {
        "model": "accounts.countries",
        "pk": 153,
        "fields": {
            "country": "NETHERLANDS ANTILLES",
            "dial_code": 599
        }
    },
    {
        "model": "accounts.countries",
        "pk": 154,
        "fields": {
            "country": "NEW CALEDONIA",
            "dial_code": 687
        }
    },
    {
        "model": "accounts.countries",
        "pk": 155,
        "fields": {
            "country": "NEW ZEALAND",
            "dial_code": 64
        }
    },
    {
        "model": "accounts.countries",
        "pk": 156,
        "fields": {
            "country": "NICARAGUA",
            "dial_code": 505
        }
    },
    {
        "model": "accounts.countries",
        "pk": 157,
        "fields": {
            "country": "NIGER",
            "dial_code": 227
        }
    },
    {
        "model": "accounts.countries",
        "pk": 158,
        "fields": {
            "country": "NIGERIA",
            "dial_code": 234
        }
    },
    {
        "model": "accounts.countries",
        "pk": 159,
        "fields": {
            "country": "NIUE",
            "dial_code": 683
        }
    },
    {
        "model": "accounts.countries",
        "pk": 160,
        "fields": {
            "country": "NORTH KOREA",
            "dial_code": 850
        }
    },
    {
        "model": "accounts.countries",
        "pk": 161,
        "fields": {
            "country": "NORTHERN MARIANA ISLANDS",
            "dial_code": 1670
        }
    },
    {
        "model": "accounts.countries",
        "pk": 162,
        "fields": {
            "country": "NORWAY",
            "dial_code": 47
        }
    },
    {
        "model": "accounts.countries",
        "pk": 163,
        "fields": {
            "country": "OMAN",
            "dial_code": 968
        }
    },
    {
        "model": "accounts.countries",
        "pk": 164,
        "fields": {
            "country": "PAKISTAN",
            "dial_code": 92
        }
    },
    {
        "model": "accounts.countries",
        "pk": 165,
        "fields": {
            "country": "PALAU",
            "dial_code": 680
        }
    },
    {
        "model": "accounts.countries",
        "pk": 166,
        "fields": {
            "country": "PALESTINE",
            "dial_code": 970
        }
    },
    {
        "model": "accounts.countries",
        "pk": 167,
        "fields": {
            "country": "PANAMA",
            "dial_code": 507
        }
    },
    {
        "model": "accounts.countries",
        "pk": 168,
        "fields": {
            "country": "PAPUA NEW GUINEA",
            "dial_code": 675
        }
    },
    {
        "model": "accounts.countries",
        "pk": 169,
        "fields": {
            "country": "PARAGUAY",
            "dial_code": 595
        }
    },
    {
        "model": "accounts.countries",
        "pk": 170,
        "fields": {
            "country": "PERU",
            "dial_code": 51
        }
    },
    {
        "model": "accounts.countries",
        "pk": 171,
        "fields": {
            "country": "PHILIPPINES",
            "dial_code": 63
        }
    },
    {
        "model": "accounts.countries",
        "pk": 172,
        "fields": {
            "country": "PITCAIRN",
            "dial_code": 64
        }
    },
    {
        "model": "accounts.countries",
        "pk": 173,
        "fields": {
            "country": "POLAND",
            "dial_code": 48
        }
    },
    {
        "model": "accounts.countries",
        "pk": 174,
        "fields": {
            "country": "PORTUGAL",
            "dial_code": 351
        }
    },
    {
        "model": "accounts.countries",
        "pk": 175,
        "fields": {
            "country": "PUERTO RICO",
            "dial_code": 1787
        }
    },
    {
        "model": "accounts.countries",
        "pk": 176,
        "fields": {
            "country": "QATAR",
            "dial_code": 974
        }
    },
    {
        "model": "accounts.countries",
        "pk": 177,
        "fields": {
            "country": "REPUBLIC OF THE CONGO",
            "dial_code": 242
        }
    },
    {
        "model": "accounts.countries",
        "pk": 178,
        "fields": {
            "country": "REUNION",
            "dial_code": 262
        }
    },
    {
        "model": "accounts.countries",
        "pk": 179,
        "fields": {
            "country": "ROMANIA",
            "dial_code": 40
        }
    },
    {
        "model": "accounts.countries",
        "pk": 180,
        "fields": {
            "country": "RUSSIA",
            "dial_code": 7
        }
    },
    {
        "model": "accounts.countries",
        "pk": 181,
        "fields": {
            "country": "RWANDA",
            "dial_code": 250
        }
    },
    {
        "model": "accounts.countries",
        "pk": 182,
        "fields": {
            "country": "SAINT BARTHELEMY",
            "dial_code": 590
        }
    },
    {
        "model": "accounts.countries",
        "pk": 183,
        "fields": {
            "country": "SAINT HELENA",
            "dial_code": 290
        }
    },
    {
        "model": "accounts.countries",
        "pk": 184,
        "fields": {
            "country": "SAINT KITTS AND NEVIS",
            "dial_code": 1869
        }
    },
    {
        "model": "accounts.countries",
        "pk": 185,
        "fields": {
            "country": "SAINT LUCIA",
            "dial_code": 1758
        }
    },
    {
        "model": "accounts.countries",
        "pk": 186,
        "fields": {
            "country": "SAINT PIERRE AND MIQUELON",
            "dial_code": 508
        }
    },
    {
        "model": "accounts.countries",
        "pk": 187,
        "fields": {
            "country": "SAINT VINCENT AND THE GRENADINES",
            "dial_code": 1784
        }
    },
    {
        "model": "accounts.countries",
        "pk": 188,
        "fields": {
            "country": "SAMOA",
            "dial_code": 685
        }
    },
    {
        "model": "accounts.countries",
        "pk": 189,
        "fields": {
            "country": "SAN MARINO",
            "dial_code": 378
        }
    },
    {
        "model": "accounts.countries",
        "pk": 190,
        "fields": {
            "country": "SAO TOME AND PRINCIPE",
            "dial_code": 239
        }
    },
    {
        "model": "accounts.countries",
        "pk": 191,
        "fields": {
            "country": "SAUDI ARABIA",
            "dial_code": 966
        }
    },
    {
        "model": "accounts.countries",
        "pk": 192,
        "fields": {
            "country": "SENEGAL",
            "dial_code": 221
        }
    },
    {
        "model": "accounts.countries",
        "pk": 193,
        "fields": {
            "country": "SERBIA",
            "dial_code": 381
        }
    },
    {
        "model": "accounts.countries",
        "pk": 194,
        "fields": {
            "country": "SEYCHELLES",
            "dial_code": 248
        }
    },
    {
        "model": "accounts.countries",
        "pk": 195,
        "fields": {
            "country": "SIERRA LEONE",
            "dial_code": 232
        }
    },
    {
        "model": "accounts.countries",
        "pk": 196,
        "fields": {
            "country": "SINGAPORE",
            "dial_code": 65
        }
    },
    {
        "model": "accounts.countries",
        "pk": 197,
        "fields": {
            "country": "SINT MAARTEN",
            "dial_code": 1721
        }
    },
    {
        "model": "accounts.countries",
        "pk": 198,
        "fields": {
            "country": "SLOVAKIA",
            "dial_code": 421
        }
    },
    {
        "model": "accounts.countries",
        "pk": 199,
        "fields": {
            "country": "SLOVENIA",
            "dial_code": 386
        }
    },
    {
        "model": "accounts.countries",
        "pk": 200,
        "fields": {
            "country": "SOLOMON ISLANDS",
            "dial_code": 677
        }
    },
    {
        "model": "accounts.countries",
        "pk": 201,
        "fields": {
            "country": "SOMALIA",
            "dial_code": 252
        }
    },
    {
        "model": "accounts.countries",
        "pk": 202,
        "fields": {
            "country": "SOUTH AFRICA",
            "dial_code": 27
        }
    },
    {
        "model": "accounts.countries",
        "pk": 203,
        "fields": {
            "country": "SOUTH KOREA",
            "dial_code": 82
        }
    },
    {
        "model": "accounts.countries",
        "pk": 204,
        "fields": {
            "country": "SOUTH SUDAN",
            "dial_code": 211
        }
    },
    {
        "model": "accounts.countries",
        "pk": 205,
        "fields": {
            "country": "SPAIN",
            "dial_code": 34
        }
    },
    {
        "model": "accounts.countries",
        "pk": 206,
        "fields": {
            "country": "SRI LANKA",
            "dial_code": 94
        }
    },
    {
        "model": "accounts.countries",
        "pk": 207,
        "fields": {
            "country": "SUDAN",
            "dial_code": 249
        }
    },
    {
        "model": "accounts.countries",
        "pk": 208,
        "fields": {
            "country": "SURINAME",
            "dial_code": 597
        }
    },
    {
        "model": "accounts.countries",
        "pk": 209,
        "fields": {
            "country": "SVALBARD AND JAN MAYEN",
            "dial_code": 47
        }
    },
    {
        "model": "accounts.countries",
        "pk": 210,
        "fields": {
            "country": "SWAZILAND",
            "dial_code": 268
        }
    },
    {
        "model": "accounts.countries",
        "pk": 211,
        "fields": {
            "country": "SWEDEN",
            "dial_code": 46
        }
    },
    {
        "model": "accounts.countries",
        "pk": 212,
        "fields": {
            "country": "SWITZERLAND",
            "dial_code": 41
        }
    },
    {
        "model": "accounts.countries",
        "pk": 213,
        "fields": {
            "country": "SYRIA",
            "dial_code": 963
        }
    },
    {
        "model": "accounts.countries",
        "pk": 214,
        "fields": {
            "country": "TAIWAN",
            "dial_code": 886
        }
    },
    {
        "model": "accounts.countries",
        "pk": 215,
        "fields": {
            "country": "TAJIKISTAN",
            "dial_code": 992
        }
    },
    {
        "model": "accounts.countries",
        "pk": 216,
        "fields": {
            "country": "TANZANIA",
            "dial_code": 255
        }
    },
    {
        "model": "accounts.countries",
        "pk": 217,
        "fields": {
            "country": "THAILAND",
            "dial_code": 66
        }
    },
    {
        "model": "accounts.countries",
        "pk": 218,
        "fields": {
            "country": "TOGO",
            "dial_code": 228
        }
    },
    {
        "model": "accounts.countries",
        "pk": 219,
        "fields": {
            "country": "TOKELAU",
            "dial_code": 690
        }
    },
    {
        "model": "accounts.countries",
        "pk": 220,
        "fields": {
            "country": "TONGA",
            "dial_code": 676
        }
    },
    {
        "model": "accounts.countries",
        "pk": 221,
        "fields": {
            "country": "TRINIDAD AND TOBAGO",
            "dial_code": 1868
        }
    },
    {
        "model": "accounts.countries",
        "pk": 222,
        "fields": {
            "country": "TUNISIA",
            "dial_code": 216
        }
    },
    {
        "model": "accounts.countries",
        "pk": 223,
        "fields": {
            "country": "TURKEY",
            "dial_code": 90
        }
    },
    {
        "model": "accounts.countries",
        "pk": 224,
        "fields": {
            "country": "TURKMENISTAN",
            "dial_code": 993
        }
    },
    {
        "model": "accounts.countries",
        "pk": 225,
        "fields": {
            "country": "TURKS AND CAICOS ISLANDS",
            "dial_code": 1649
        }
    },
    {
        "model": "accounts.countries",
        "pk": 226,
        "fields": {
            "country": "TUVALU",
            "dial_code": 688
        }
    },
    {
        "model": "accounts.countries",
        "pk": 227,
        "fields": {
            "country": "UGANDA",
            "dial_code": 256
        }
    },
    {
        "model": "accounts.countries",
        "pk": 228,
        "fields": {
            "country": "UKRAINE",
            "dial_code": 380
        }
    },
    {
        "model": "accounts.countries",
        "pk": 229,
        "fields": {
            "country": "UNITED ARAB EMIRATES",
            "dial_code": 971
        }
    },
    {
        "model": "accounts.countries",
        "pk": 230,
        "fields": {
            "country": "UNITED KINGDOM",
            "dial_code": 44
        }
    },
    {
        "model": "accounts.countries",
        "pk": 231,
        "fields": {
            "country": "UNITED STATES OF AMERICA",
            "dial_code": 1
        }
    },
    {
        "model": "accounts.countries",
        "pk": 232,
        "fields": {
            "country": "URUGUAY",
            "dial_code": 598
        }
    },
    {
        "model": "accounts.countries",
        "pk": 233,
        "fields": {
            "country": "UZBEKISTAN",
            "dial_code": 998
        }
    },
    {
        "model": "accounts.countries",
        "pk": 234,
        "fields": {
            "country": "VANUATU",
            "dial_code": 678
        }
    },
    {
        "model": "accounts.countries",
        "pk": 235,
        "fields": {
            "country": "VATICAN",
            "dial_code": 379
        }
    },
    {
        "model": "accounts.countries",
        "pk": 236,
        "fields": {
            "country": "VENEZUELA",
            "dial_code": 58
        }
    },
    {
        "model": "accounts.countries",
        "pk": 237,
        "fields": {
            "country": "VIETNAM",
            "dial_code": 84
        }
    },
    {
        "model": "accounts.countries",
        "pk": 238,
        "fields": {
            "country": "U.S VIRGIN ISLANDS",
            "dial_code": 1340
        }
    },
    {
        "model": "accounts.countries",
        "pk": 239,
        "fields": {
            "country": "WALLIS AND FUTUNA",
            "dial_code": 681
        }
    },
    {
        "model": "accounts.countries",
        "pk": 240,
        "fields": {
            "country": "WESTERN SAHARA",
            "dial_code": 212
        }
    },
    {
        "model": "accounts.countries",
        "pk": 241,
        "fields": {
            "country": "YEMEN",
            "dial_code": 967
        }
    },
    {
        "model": "accounts.countries",
        "pk": 242,
        "fields": {
            "country": "ZAMBIA",
            "dial_code": 260
        }
    },
    {
        "model": "accounts.countries",
        "pk": 243,
        "fields": {
            "country": "ZIMBABWE",
            "dial_code": 263
        }
    },
    {
        "model": "accounts.parties",
        "pk": 1,
        "fields": {
            "account_number": 99,
            "customer_id": 21243,
            "name": "VENZO",
            "base_currency": 1,
            "address_line_1": "test",
            "address_line_2": "test",
            "city": "chennai",
            "state": "tn",
            "zipcode": "500500",
            "country_code": 1,
            "onboarded": false,
            "party_type": "BUYER",
            "status": "ONBOARDED"
        }
    },
    {
        "model": "accounts.parties",
        "pk": 2,
        "fields": {
            "account_number": null,
            "customer_id": 7894661323,
            "name": "ICICI CORP INDIA",
            "base_currency": 1,
            "address_line_1": "test",
            "address_line_2": "test",
            "city": "chennai",
            "state": "TN",
            "zipcode": "400400",
            "country_code": 1,
            "onboarded": false,
            "party_type": "BANK",
            "status": "('NEW', 'NEW')"
        }
    },
    {
        "model": "accounts.parties",
        "pk": 7,
        "fields": {
            "account_number": null,
            "customer_id": 45454,
            "name": "VENZO_2",
            "base_currency": 67,
            "address_line_1": "TEST",
            "address_line_2": "TEST",
            "city": "chennai",
            "state": "TN",
            "zipcode": "500500",
            "country_code": 97,
            "onboarded": false,
            "party_type": "BUYER",
            "status": "NONE"
        }
    },
    {
        "model": "accounts.parties",
        "pk": 11,
        "fields": {
            "account_number": null,
            "customer_id": 898,
            "name": "VENZO_3",
            "base_currency": 67,
            "address_line_1": "TEST",
            "address_line_2": "TEST",
            "city": "chennai",
            "state": "TN",
            "zipcode": "677676",
            "country_code": 97,
            "onboarded": false,
            "party_type": "BUYER",
            "status": "NONE"
        }
    },
    {
        "model": "accounts.parties",
        "pk": 23,
        "fields": {
            "account_number": null,
            "customer_id": 23,
            "name": "VIRTU TECH",
            "base_currency": 1,
            "address_line_1": "address_line_1",
            "address_line_2": "Cm Koil",
            "city": "salem",
            "state": "Tamil Nadu",
            "zipcode": "123456",
            "country_code": 97,
            "onboarded": false,
            "party_type": "SELLER",
            "status": "IN_PROGRESS"
        }
    },
    {
        "model": "accounts.parties",
        "pk": 52,
        "fields": {
            "account_number": 911,
            "customer_id": 9119,
            "name": "REDMI",
            "base_currency": 1,
            "address_line_1": "address_line_1",
            "address_line_2": "test",
            "city": "chennai",
            "state": "Tamil Nadu",
            "zipcode": "123456",
            "country_code": 97,
            "onboarded": false,
            "party_type": "SELLER",
            "status": "NONE"
        }
    },
    {
        "model": "accounts.parties",
        "pk": 54,
        "fields": {
            "account_number": null,
            "customer_id": 54,
            "name": "SELLER01",
            "base_currency": 1,
            "address_line_1": "address_line_1",
            "address_line_2": "dubai",
            "city": "dubai",
            "state": "Tamil Nadu",
            "zipcode": "123456",
            "country_code": 229,
            "onboarded": false,
            "party_type": "SELLER",
            "status": "IN_PROGRESS"
        }
    },
    {
        "model": "accounts.parties",
        "pk": 55,
        "fields": {
            "account_number": null,
            "customer_id": 55,
            "name": "SELLER02",
            "base_currency": 1,
            "address_line_1": "address_line_1",
            "address_line_2": "chennai",
            "city": "chennai",
            "state": "Tamil Nadu",
            "zipcode": "123456",
            "country_code": 97,
            "onboarded": false,
            "party_type": "SELLER",
            "status": "NEW"
        }
    },
    {
        "model": "accounts.parties",
        "pk": 56,
        "fields": {
            "account_number": null,
            "customer_id": 56,
            "name": "SELLER03",
            "base_currency": 1,
            "address_line_1": "address_line_1",
            "address_line_2": "Chennai",
            "city": "chennai",
            "state": "Tamil Nadu",
            "zipcode": "123456",
            "country_code": 97,
            "onboarded": false,
            "party_type": "SELLER",
            "status": "NEW"
        }
    },
    {
        "model": "accounts.parties",
        "pk": 57,
        "fields": {
            "account_number": null,
            "customer_id": 57,
            "name": "THINKPAD",
            "base_currency": 1,
            "address_line_1": "address_line_1",
            "address_line_2": "test",
            "city": "chennai",
            "state": "Tamil Nadu",
            "zipcode": "123456",
            "country_code": 97,
            "onboarded": false,
            "party_type": "SELLER",
            "status": "NEW"
        }
    },
    {
        "model": "accounts.parties",
        "pk": 58,
        "fields": {
            "account_number": null,
            "customer_id": null,
            "name": "PETRICHOR",
            "base_currency": 67,
            "address_line_1": "OMR Chennai",
            "address_line_2": null,
            "city": "chennai",
            "state": "TamilNadu",
            "zipcode": "600097",
            "country_code": 97,
            "onboarded": false,
            "party_type": "BUYER",
            "status": "ONBOARDED"
        }
    },
    {
        "model": "accounts.parties",
        "pk": 60,
        "fields": {
            "account_number": null,
            "customer_id": 60,
            "name": "STELLAR",
            "base_currency": 1,
            "address_line_1": "address_line_1",
            "address_line_2": "OMR CHENNAI",
            "city": "chennai",
            "state": "Tamil Nadu",
            "zipcode": "123456",
            "country_code": 97,
            "onboarded": true,
            "party_type": "SELLER",
            "status": "ONBOARDED"
        }
    },
    {
        "model": "accounts.parties",
        "pk": 61,
        "fields": {
            "account_number": null,
            "customer_id": 61,
            "name": "REALME",
            "base_currency": 1,
            "address_line_1": "address_line_1",
            "address_line_2": "venzo dev testing",
            "city": "chennai",
            "state": "Tamil Nadu",
            "zipcode": "123456",
            "country_code": 97,
            "onboarded": false,
            "party_type": "SELLER",
            "status": "ONBOARDED"
        }
    },
    {
        "model": "accounts.parties",
        "pk": 62,
        "fields": {
            "account_number": null,
            "customer_id": 62,
            "name": "SELLER04",
            "base_currency": 1,
            "address_line_1": "address_line_1",
            "address_line_2": "AHAMEDABAD",
            "city": "ahmedabad",
            "state": "Tamil Nadu",
            "zipcode": "123456",
            "country_code": 97,
            "onboarded": false,
            "party_type": "SELLER",
            "status": "NEW"
        }
    },
    {
        "model": "accounts.parties",
        "pk": 63,
        "fields": {
            "account_number": null,
            "customer_id": 63,
            "name": "JIAWEI",
            "base_currency": 1,
            "address_line_1": "address_line_1",
            "address_line_2": "OMR CHENNAI",
            "city": "chennai",
            "state": "Tamil Nadu",
            "zipcode": "123456",
            "country_code": 97,
            "onboarded": false,
            "party_type": "SELLER",
            "status": "NEW"
        }
    },
    {
        "model": "accounts.counterparty",
        "pk": 12,
        "fields": {
            "customer_id": 23,
            "name": "VIRTU TECH",
            "address": "Cm Koil",
            "city": "salem",
            "country_code": 97,
            "email": "virtu@gmail.com",
            "mobile": "9876098759",
            "onboarding": "DRAFT",
            "gst_no": null,
            "pan_no": null
        }
    },
    {
        "model": "accounts.counterparty",
        "pk": 36,
        "fields": {
            "customer_id": 54,
            "name": "SELLER01",
            "address": "dubai",
            "city": "dubai",
            "country_code": 229,
            "email": "seller01@gmail.com",
            "mobile": "1234567890",
            "onboarding": "DRAFT",
            "gst_no": null,
            "pan_no": null
        }
    },
    {
        "model": "accounts.counterparty",
        "pk": 37,
        "fields": {
            "customer_id": 55,
            "name": "SELLER02",
            "address": "chennai",
            "city": "chennai",
            "country_code": 97,
            "email": "seller02@gmail.com",
            "mobile": "9876324567",
            "onboarding": null,
            "gst_no": null,
            "pan_no": null
        }
    },
    {
        "model": "accounts.counterparty",
        "pk": 38,
        "fields": {
            "customer_id": 56,
            "name": "SELLER03",
            "address": "Chennai",
            "city": "chennai",
            "country_code": 97,
            "email": "seller03@gmail.com",
            "mobile": "9874561232",
            "onboarding": null,
            "gst_no": null,
            "pan_no": null
        }
    },
    {
        "model": "accounts.counterparty",
        "pk": 40,
        "fields": {
            "customer_id": 52,
            "name": "REDMI",
            "address": "test",
            "city": "chennai",
            "country_code": 97,
            "email": "redmi@gmail.com",
            "mobile": "1231231235",
            "onboarding": null,
            "gst_no": null,
            "pan_no": null
        }
    },
    {
        "model": "accounts.counterparty",
        "pk": 41,
        "fields": {
            "customer_id": 60,
            "name": "STELLAR",
            "address": "OMR CHENNAI",
            "city": "chennai",
            "country_code": 97,
            "email": "stellar@gmail.com",
            "mobile": "9874561230",
            "onboarding": "DRAFT",
            "gst_no": "test",
            "pan_no": "test"
        }
    },
    {
        "model": "accounts.counterparty",
        "pk": 42,
        "fields": {
            "customer_id": 61,
            "name": "REALME",
            "address": "venzo dev testing",
            "city": "chennai",
            "country_code": 97,
            "email": "realmetest@gmail.com",
            "mobile": "9797979797",
            "onboarding": "COMPLETED",
            "gst_no": "123321",
            "pan_no": "321122"
        }
    },
    {
        "model": "accounts.counterparty",
        "pk": 43,
        "fields": {
            "customer_id": 62,
            "name": "SELLER04",
            "address": "AHAMEDABAD",
            "city": "ahmedabad",
            "country_code": 97,
            "email": "seller04@gmail.com",
            "mobile": "9876543211",
            "onboarding": null,
            "gst_no": null,
            "pan_no": null
        }
    },
    {
        "model": "accounts.counterparty",
        "pk": 44,
        "fields": {
            "customer_id": 63,
            "name": "JIAWEI",
            "address": "OMR CHENNAI",
            "city": "chennai",
            "country_code": 97,
            "email": "jiawei@gmail.com",
            "mobile": "9874561231",
            "onboarding": null,
            "gst_no": null,
            "pan_no": null
        }
    },
    {
        "model": "accounts.user",
        "pk": 1,
        "fields": {
            "password": "",
            "last_login": "2022-10-31T08:58:59.397Z",
            "phone": "9677210269",
            "email": "buyer@gmail.com",
            "party": 1,
            "counterparty": null,
            "first_name": "ANAND",
            "last_name": "B",
            "display_name": "ANAND RAJ",
            "is_active": true,
            "is_supervisor": true,
            "profile_img": "static/images/avatar.jpg",
            "is_administrator": true,
            "is_master_admin": false,
            "created_date": "2022-04-04T12:35:41.221Z",
            "groups": [],
            "user_permissions": []
        }
    },
    {
        "model": "accounts.user",
        "pk": 2,
        "fields": {
            "password": "",
            "last_login": "2022-10-21T08:31:11.667Z",
            "phone": "1234567890",
            "email": "seller01@gmail.com",
            "party": 54,
            "counterparty": 36,
            "first_name": "ICICI",
            "last_name": "INDIA",
            "display_name": "bank user",
            "is_active": true,
            "is_supervisor": false,
            "profile_img": "static/images/avatar.jpg",
            "is_administrator": true,
            "is_master_admin": false,
            "created_date": "2022-04-05T04:48:49.312Z",
            "groups": [],
            "user_permissions": []
        }
    },
    {
        "model": "accounts.user",
        "pk": 3,
        "fields": {
            "password": "pbkdf2_sha256$260000$uNsHULNhy0zjACMylUNRIW$9Tgxq6686rFoTRWdNcUvuvaM6uOFxKKbqFAOU8Dxias=",
            "last_login": "2022-10-21T09:34:33.096Z",
            "phone": "1471471471",
            "email": "finflo@admin.com",
            "party": null,
            "counterparty": null,
            "first_name": "",
            "last_name": "",
            "display_name": "",
            "is_active": true,
            "is_supervisor": true,
            "profile_img": "static/images/avatar.jpg",
            "is_administrator": true,
            "is_master_admin": true,
            "created_date": "2022-09-15T15:54:31.603Z",
            "groups": [],
            "user_permissions": []
        }
    },
    {
        "model": "accounts.user",
        "pk": 8,
        "fields": {
            "password": "",
            "last_login": "2022-09-30T09:22:20.404Z",
            "phone": "1231231232",
            "email": "venzo2@gmail.com",
            "party": 7,
            "counterparty": null,
            "first_name": "VENZO_2",
            "last_name": "VENZO_2",
            "display_name": "VENZO_2",
            "is_active": true,
            "is_supervisor": false,
            "profile_img": "static/images/avatar.jpg",
            "is_administrator": false,
            "is_master_admin": false,
            "created_date": "2022-09-23T07:04:00.626Z",
            "groups": [],
            "user_permissions": []
        }
    },
    {
        "model": "accounts.user",
        "pk": 12,
        "fields": {
            "password": "",
            "last_login": "2022-11-01T04:48:38.228Z",
            "phone": "9814981498",
            "email": "bank2@gmail.com",
            "party": 2,
            "counterparty": null,
            "first_name": "harris johnson",
            "last_name": "harris johnson",
            "display_name": "harris johnson",
            "is_active": true,
            "is_supervisor": false,
            "profile_img": "static/images/avatar.jpg",
            "is_administrator": false,
            "is_master_admin": false,
            "created_date": "2022-09-23T11:23:22.575Z",
            "groups": [],
            "user_permissions": []
        }
    },
    {
        "model": "accounts.user",
        "pk": 16,
        "fields": {
            "password": "",
            "last_login": "2022-10-31T04:50:26.713Z",
            "phone": "1231231233",
            "email": "venzo3@gmail.com",
            "party": 11,
            "counterparty": null,
            "first_name": "null",
            "last_name": "null",
            "display_name": "VENZO_3",
            "is_active": true,
            "is_supervisor": false,
            "profile_img": "static/images/avatar.jpg",
            "is_administrator": true,
            "is_master_admin": false,
            "created_date": "2022-09-26T06:56:28.355Z",
            "groups": [],
            "user_permissions": []
        }
    },
    {
        "model": "accounts.user",
        "pk": 24,
        "fields": {
            "password": "",
            "last_login": null,
            "phone": "7418025157",
            "email": "anand98.ar@gmail.com",
            "party": 1,
            "counterparty": null,
            "first_name": "ANAND",
            "last_name": "B",
            "display_name": "ANAND RAJ B",
            "is_active": false,
            "is_supervisor": false,
            "profile_img": "media/finflo/media/user/anand98.ar@gmail.com/WIN_20220909_14_55_50_Pro_mxqxqa",
            "is_administrator": false,
            "is_master_admin": false,
            "created_date": "2022-09-28T07:04:49.656Z",
            "groups": [],
            "user_permissions": []
        }
    },
    {
        "model": "accounts.user",
        "pk": 26,
        "fields": {
            "password": "",
            "last_login": "2022-10-06T19:40:52.811Z",
            "phone": "9876098759",
            "email": "virtu@gmail.com",
            "party": 23,
            "counterparty": 12,
            "first_name": "",
            "last_name": "",
            "display_name": "",
            "is_active": true,
            "is_supervisor": false,
            "profile_img": "",
            "is_administrator": false,
            "is_master_admin": false,
            "created_date": "2022-09-30T09:53:20.554Z",
            "groups": [],
            "user_permissions": []
        }
    },
    {
        "model": "accounts.user",
        "pk": 51,
        "fields": {
            "password": "",
            "last_login": "2022-10-21T09:30:59.960Z",
            "phone": "9094324344",
            "email": "redmitest@gmail.com",
            "party": 52,
            "counterparty": null,
            "first_name": null,
            "last_name": null,
            "display_name": null,
            "is_active": true,
            "is_supervisor": false,
            "profile_img": "",
            "is_administrator": false,
            "is_master_admin": false,
            "created_date": "2022-10-09T05:32:54.560Z",
            "groups": [],
            "user_permissions": []
        }
    },
    {
        "model": "accounts.user",
        "pk": 53,
        "fields": {
            "password": "",
            "last_login": "2022-10-18T07:23:44.008Z",
            "phone": "9876324567",
            "email": "seller02@gmail.com",
            "party": 55,
            "counterparty": 37,
            "first_name": null,
            "last_name": null,
            "display_name": null,
            "is_active": true,
            "is_supervisor": false,
            "profile_img": "",
            "is_administrator": false,
            "is_master_admin": false,
            "created_date": "2022-10-18T05:19:49.609Z",
            "groups": [],
            "user_permissions": []
        }
    },
    {
        "model": "accounts.user",
        "pk": 54,
        "fields": {
            "password": "",
            "last_login": "2022-10-31T11:45:39.705Z",
            "phone": "9874561232",
            "email": "seller03@gmail.com",
            "party": 56,
            "counterparty": 38,
            "first_name": null,
            "last_name": null,
            "display_name": null,
            "is_active": true,
            "is_supervisor": false,
            "profile_img": "",
            "is_administrator": false,
            "is_master_admin": false,
            "created_date": "2022-10-18T09:18:23.284Z",
            "groups": [],
            "user_permissions": []
        }
    },
    {
        "model": "accounts.user",
        "pk": 55,
        "fields": {
            "password": "",
            "last_login": null,
            "phone": "0102030405",
            "email": "bank@gmail.com",
            "party": 2,
            "counterparty": null,
            "first_name": "ricky",
            "last_name": "mike",
            "display_name": "ricky mike",
            "is_active": true,
            "is_supervisor": false,
            "profile_img": "",
            "is_administrator": false,
            "is_master_admin": false,
            "created_date": "2022-10-18T10:28:36.024Z",
            "groups": [],
            "user_permissions": []
        }
    },
    {
        "model": "accounts.user",
        "pk": 56,
        "fields": {
            "password": "",
            "last_login": null,
            "phone": "9876543210",
            "email": "msnc@gmail.com",
            "party": 11,
            "counterparty": null,
            "first_name": "null",
            "last_name": "null",
            "display_name": "MSNC",
            "is_active": true,
            "is_supervisor": false,
            "profile_img": "",
            "is_administrator": true,
            "is_master_admin": false,
            "created_date": "2022-10-18T15:34:37.178Z",
            "groups": [],
            "user_permissions": []
        }
    },
    {
        "model": "accounts.user",
        "pk": 58,
        "fields": {
            "password": "",
            "last_login": "2022-10-21T08:33:31.002Z",
            "phone": "1231231235",
            "email": "redmi@gmail.com",
            "party": 52,
            "counterparty": 40,
            "first_name": null,
            "last_name": null,
            "display_name": null,
            "is_active": true,
            "is_supervisor": false,
            "profile_img": "",
            "is_administrator": false,
            "is_master_admin": false,
            "created_date": "2022-10-20T05:47:23.053Z",
            "groups": [],
            "user_permissions": []
        }
    },
    {
        "model": "accounts.user",
        "pk": 59,
        "fields": {
            "password": "",
            "last_login": "2022-10-21T12:16:21.052Z",
            "phone": "9874563210",
            "email": "sbuyer@gmail.com",
            "party": 58,
            "counterparty": null,
            "first_name": "Buyer",
            "last_name": "Venzo",
            "display_name": "Petrichor Imports",
            "is_active": true,
            "is_supervisor": true,
            "profile_img": "",
            "is_administrator": true,
            "is_master_admin": false,
            "created_date": "2022-10-20T08:31:42.214Z",
            "groups": [],
            "user_permissions": []
        }
    },
    {
        "model": "accounts.user",
        "pk": 61,
        "fields": {
            "password": "",
            "last_login": "2022-10-21T12:24:20.437Z",
            "phone": "9874561230",
            "email": "stellar@gmail.com",
            "party": 60,
            "counterparty": 41,
            "first_name": null,
            "last_name": null,
            "display_name": null,
            "is_active": true,
            "is_supervisor": false,
            "profile_img": "",
            "is_administrator": false,
            "is_master_admin": false,
            "created_date": "2022-10-21T09:28:04.666Z",
            "groups": [],
            "user_permissions": []
        }
    },
    {
        "model": "accounts.user",
        "pk": 62,
        "fields": {
            "password": "",
            "last_login": "2022-10-21T09:59:25.762Z",
            "phone": "9797979797",
            "email": "realmetest@gmail.com",
            "party": 61,
            "counterparty": 42,
            "first_name": null,
            "last_name": null,
            "display_name": null,
            "is_active": true,
            "is_supervisor": false,
            "profile_img": "",
            "is_administrator": false,
            "is_master_admin": false,
            "created_date": "2022-10-21T09:31:52.915Z",
            "groups": [],
            "user_permissions": []
        }
    },
    {
        "model": "accounts.user",
        "pk": 63,
        "fields": {
            "password": "",
            "last_login": null,
            "phone": "9876543211",
            "email": "seller04@gmail.com",
            "party": 62,
            "counterparty": 43,
            "first_name": null,
            "last_name": null,
            "display_name": null,
            "is_active": true,
            "is_supervisor": false,
            "profile_img": "",
            "is_administrator": false,
            "is_master_admin": false,
            "created_date": "2022-10-21T10:18:35.527Z",
            "groups": [],
            "user_permissions": []
        }
    },
    {
        "model": "accounts.user",
        "pk": 64,
        "fields": {
            "password": "",
            "last_login": null,
            "phone": "9874561231",
            "email": "jiawei@gmail.com",
            "party": 63,
            "counterparty": 44,
            "first_name": null,
            "last_name": null,
            "display_name": null,
            "is_active": true,
            "is_supervisor": false,
            "profile_img": "",
            "is_administrator": false,
            "is_master_admin": false,
            "created_date": "2022-10-21T10:27:29.276Z",
            "groups": [],
            "user_permissions": []
        }
    },
    {
        "model": "accounts.action",
        "pk": 1,
        "fields": {
            "desc": "SUBMIT",
            "bank": false,
            "customer": false
        }
    },
    {
        "model": "accounts.action",
        "pk": 2,
        "fields": {
            "desc": "APPROVE",
            "bank": false,
            "customer": false
        }
    },
    {
        "model": "accounts.action",
        "pk": 3,
        "fields": {
            "desc": "ACCEPT",
            "bank": false,
            "customer": false
        }
    },
    {
        "model": "accounts.action",
        "pk": 4,
        "fields": {
            "desc": "REJECT",
            "bank": false,
            "customer": false
        }
    },
    {
        "model": "accounts.action",
        "pk": 5,
        "fields": {
            "desc": "REQUEST FINANCE",
            "bank": false,
            "customer": false
        }
    },
    {
        "model": "accounts.action",
        "pk": 6,
        "fields": {
            "desc": "SETTLE",
            "bank": false,
            "customer": false
        }
    },
    {
        "model": "accounts.action",
        "pk": 7,
        "fields": {
            "desc": "OVERDUE",
            "bank": false,
            "customer": false
        }
    },
    {
        "model": "accounts.action",
        "pk": 8,
        "fields": {
            "desc": "ARCHIVE",
            "bank": false,
            "customer": false
        }
    },
    {
        "model": "accounts.signatures",
        "pk": 1,
        "fields": {
            "model": "PROGRAM",
            "action": 1,
            "party": 1,
            "sign_a": true,
            "sign_b": true,
            "sign_c": false
        }
    },
    {
        "model": "accounts.signatures",
        "pk": 4,
        "fields": {
            "model": "INVOICE",
            "action": 2,
            "party": 1,
            "sign_a": true,
            "sign_b": true,
            "sign_c": false
        }
    },
    {
        "model": "accounts.signatures",
        "pk": 5,
        "fields": {
            "model": "INVOICE",
            "action": 2,
            "party": 2,
            "sign_a": true,
            "sign_b": true,
            "sign_c": false
        }
    },
    {
        "model": "accounts.signatures",
        "pk": 6,
        "fields": {
            "model": "INVOICE",
            "action": 4,
            "party": 2,
            "sign_a": true,
            "sign_b": true,
            "sign_c": false
        }
    },
    {
        "model": "accounts.signatures",
        "pk": 7,
        "fields": {
            "model": "PROGRAM",
            "action": 2,
            "party": 2,
            "sign_a": true,
            "sign_b": true,
            "sign_c": false
        }
    },
    {
        "model": "accounts.signatures",
        "pk": 9,
        "fields": {
            "model": "PROGRAM",
            "action": 1,
            "party": 11,
            "sign_a": true,
            "sign_b": true,
            "sign_c": false
        }
    },
    {
        "model": "accounts.signatures",
        "pk": 10,
        "fields": {
            "model": "INVOICE",
            "action": 2,
            "party": 11,
            "sign_a": true,
            "sign_b": true,
            "sign_c": false
        }
    },
    {
        "model": "accounts.signatures",
        "pk": 11,
        "fields": {
            "model": "PROGRAM",
            "action": 4,
            "party": 2,
            "sign_a": true,
            "sign_b": true,
            "sign_c": false
        }
    },
    {
        "model": "accounts.signatures",
        "pk": 12,
        "fields": {
            "model": "PROGRAM",
            "action": 3,
            "party": 11,
            "sign_a": true,
            "sign_b": true,
            "sign_c": false
        }
    },
    {
        "model": "accounts.signatures",
        "pk": 13,
        "fields": {
            "model": "INVOICE",
            "action": 4,
            "party": 11,
            "sign_a": true,
            "sign_b": true,
            "sign_c": false
        }
    },
    {
        "model": "accounts.signatures",
        "pk": 14,
        "fields": {
            "model": "UPLOAD",
            "action": 1,
            "party": 23,
            "sign_a": true,
            "sign_b": true,
            "sign_c": false
        }
    },
    {
        "model": "accounts.signatures",
        "pk": 15,
        "fields": {
            "model": "INVOICE",
            "action": 1,
            "party": 23,
            "sign_a": true,
            "sign_b": true,
            "sign_c": false
        }
    },
    {
        "model": "accounts.signatures",
        "pk": 16,
        "fields": {
            "model": "INVOICE",
            "action": 5,
            "party": 23,
            "sign_a": true,
            "sign_b": true,
            "sign_c": false
        }
    },
    {
        "model": "accounts.signatures",
        "pk": 24,
        "fields": {
            "model": "INVOICE",
            "action": 4,
            "party": 1,
            "sign_a": true,
            "sign_b": true,
            "sign_c": false
        }
    },
    {
        "model": "accounts.signatures",
        "pk": 26,
        "fields": {
            "model": "UPLOAD",
            "action": 1,
            "party": 52,
            "sign_a": true,
            "sign_b": false,
            "sign_c": false
        }
    },
    {
        "model": "accounts.signatures",
        "pk": 27,
        "fields": {
            "model": "INVOICE",
            "action": 5,
            "party": 52,
            "sign_a": true,
            "sign_b": false,
            "sign_c": false
        }
    },
    {
        "model": "accounts.signatures",
        "pk": 28,
        "fields": {
            "model": "PROGRAM",
            "action": 1,
            "party": 58,
            "sign_a": true,
            "sign_b": true,
            "sign_c": false
        }
    },
    {
        "model": "accounts.signatures",
        "pk": 30,
        "fields": {
            "model": "INVOICE",
            "action": 5,
            "party": 61,
            "sign_a": true,
            "sign_b": false,
            "sign_c": false
        }
    },
    {
        "model": "accounts.signatures",
        "pk": 31,
        "fields": {
            "model": "UPLOAD",
            "action": 1,
            "party": 61,
            "sign_a": true,
            "sign_b": false,
            "sign_c": false
        }
    },
    {
        "model": "accounts.signatures",
        "pk": 32,
        "fields": {
            "model": "UPLOAD",
            "action": 1,
            "party": 60,
            "sign_a": true,
            "sign_b": true,
            "sign_c": true
        }
    },
    {
        "model": "accounts.signatures",
        "pk": 34,
        "fields": {
            "model": "INVOICE",
            "action": 4,
            "party": 58,
            "sign_a": true,
            "sign_b": false,
            "sign_c": false
        }
    },
    {
        "model": "accounts.signatures",
        "pk": 35,
        "fields": {
            "model": "INVOICE",
            "action": 2,
            "party": 58,
            "sign_a": true,
            "sign_b": true,
            "sign_c": false
        }
    },
    {
        "model": "accounts.signatures",
        "pk": 36,
        "fields": {
            "model": "INVOICE",
            "action": 5,
            "party": 60,
            "sign_a": true,
            "sign_b": true,
            "sign_c": true
        }
    },
    {
        "model": "accounts.userprocessauth",
        "pk": 1,
        "fields": {
            "user": 1,
            "model": "PROGRAM",
            "action": 1,
            "data_entry": true,
            "sign_a": true,
            "sign_b": true,
            "sign_c": true
        }
    },
    {
        "model": "accounts.userprocessauth",
        "pk": 4,
        "fields": {
            "user": 1,
            "model": "INVOICE",
            "action": 2,
            "data_entry": true,
            "sign_a": true,
            "sign_b": true,
            "sign_c": true
        }
    },
    {
        "model": "accounts.userprocessauth",
        "pk": 5,
        "fields": {
            "user": 2,
            "model": "INVOICE",
            "action": 2,
            "data_entry": true,
            "sign_a": true,
            "sign_b": true,
            "sign_c": true
        }
    },
    {
        "model": "accounts.userprocessauth",
        "pk": 6,
        "fields": {
            "user": 2,
            "model": "INVOICE",
            "action": 4,
            "data_entry": true,
            "sign_a": true,
            "sign_b": true,
            "sign_c": true
        }
    },
    {
        "model": "accounts.userprocessauth",
        "pk": 7,
        "fields": {
            "user": 2,
            "model": "PROGRAM",
            "action": 2,
            "data_entry": true,
            "sign_a": true,
            "sign_b": true,
            "sign_c": true
        }
    },
    {
        "model": "accounts.userprocessauth",
        "pk": 9,
        "fields": {
            "user": 16,
            "model": "PROGRAM",
            "action": 1,
            "data_entry": true,
            "sign_a": true,
            "sign_b": true,
            "sign_c": true
        }
    },
    {
        "model": "accounts.userprocessauth",
        "pk": 10,
        "fields": {
            "user": 16,
            "model": "INVOICE",
            "action": 2,
            "data_entry": true,
            "sign_a": true,
            "sign_b": true,
            "sign_c": true
        }
    },
    {
        "model": "accounts.userprocessauth",
        "pk": 11,
        "fields": {
            "user": 2,
            "model": "PROGRAM",
            "action": 4,
            "data_entry": true,
            "sign_a": true,
            "sign_b": true,
            "sign_c": true
        }
    },
    {
        "model": "accounts.userprocessauth",
        "pk": 12,
        "fields": {
            "user": 16,
            "model": "PROGRAM",
            "action": 3,
            "data_entry": true,
            "sign_a": true,
            "sign_b": true,
            "sign_c": true
        }
    },
    {
        "model": "accounts.userprocessauth",
        "pk": 13,
        "fields": {
            "user": 16,
            "model": "INVOICE",
            "action": 4,
            "data_entry": true,
            "sign_a": true,
            "sign_b": true,
            "sign_c": true
        }
    },
    {
        "model": "accounts.userprocessauth",
        "pk": 14,
        "fields": {
            "user": 26,
            "model": "UPLOAD",
            "action": 1,
            "data_entry": true,
            "sign_a": true,
            "sign_b": true,
            "sign_c": true
        }
    },
    {
        "model": "accounts.userprocessauth",
        "pk": 15,
        "fields": {
            "user": 26,
            "model": "INVOICE",
            "action": 1,
            "data_entry": true,
            "sign_a": true,
            "sign_b": true,
            "sign_c": true
        }
    },
    {
        "model": "accounts.userprocessauth",
        "pk": 16,
        "fields": {
            "user": 26,
            "model": "INVOICE",
            "action": 5,
            "data_entry": true,
            "sign_a": true,
            "sign_b": true,
            "sign_c": true
        }
    },
    {
        "model": "accounts.userprocessauth",
        "pk": 24,
        "fields": {
            "user": 1,
            "model": "INVOICE",
            "action": 4,
            "data_entry": true,
            "sign_a": true,
            "sign_b": true,
            "sign_c": true
        }
    },
    {
        "model": "accounts.userprocessauth",
        "pk": 28,
        "fields": {
            "user": 12,
            "model": "PROGRAM",
            "action": 2,
            "data_entry": true,
            "sign_a": true,
            "sign_b": true,
            "sign_c": true
        }
    },
    {
        "model": "accounts.userprocessauth",
        "pk": 29,
        "fields": {
            "user": 58,
            "model": "UPLOAD",
            "action": 1,
            "data_entry": true,
            "sign_a": true,
            "sign_b": true,
            "sign_c": true
        }
    },
    {
        "model": "accounts.userprocessauth",
        "pk": 30,
        "fields": {
            "user": 58,
            "model": "INVOICE",
            "action": 5,
            "data_entry": true,
            "sign_a": true,
            "sign_b": true,
            "sign_c": true
        }
    },
    {
        "model": "accounts.userprocessauth",
        "pk": 31,
        "fields": {
            "user": 12,
            "model": "INVOICE",
            "action": 2,
            "data_entry": true,
            "sign_a": true,
            "sign_b": true,
            "sign_c": true
        }
    },
    {
        "model": "accounts.userprocessauth",
        "pk": 32,
        "fields": {
            "user": 59,
            "model": "PROGRAM",
            "action": 1,
            "data_entry": true,
            "sign_a": true,
            "sign_b": true,
            "sign_c": true
        }
    },
    {
        "model": "accounts.userprocessauth",
        "pk": 34,
        "fields": {
            "user": 62,
            "model": "INVOICE",
            "action": 5,
            "data_entry": true,
            "sign_a": true,
            "sign_b": true,
            "sign_c": true
        }
    },
    {
        "model": "accounts.userprocessauth",
        "pk": 35,
        "fields": {
            "user": 62,
            "model": "UPLOAD",
            "action": 1,
            "data_entry": true,
            "sign_a": true,
            "sign_b": true,
            "sign_c": true
        }
    },
    {
        "model": "accounts.userprocessauth",
        "pk": 36,
        "fields": {
            "user": 61,
            "model": "UPLOAD",
            "action": 1,
            "data_entry": true,
            "sign_a": true,
            "sign_b": true,
            "sign_c": true
        }
    },
    {
        "model": "accounts.userprocessauth",
        "pk": 38,
        "fields": {
            "user": 59,
            "model": "INVOICE",
            "action": 4,
            "data_entry": true,
            "sign_a": true,
            "sign_b": true,
            "sign_c": true
        }
    },
    {
        "model": "accounts.userprocessauth",
        "pk": 39,
        "fields": {
            "user": 59,
            "model": "INVOICE",
            "action": 2,
            "data_entry": true,
            "sign_a": true,
            "sign_b": true,
            "sign_c": true
        }
    },
    {
        "model": "accounts.userprocessauth",
        "pk": 40,
        "fields": {
            "user": 61,
            "model": "INVOICE",
            "action": 5,
            "data_entry": true,
            "sign_a": true,
            "sign_b": true,
            "sign_c": true
        }
    }
]