[
    {
        "model": "transaction.interestratetype",
        "pk": 1,
        "fields": {
            "description": "EURIBOR"
        }
    },
    {
        "model": "transaction.interestratetype",
        "pk": 2,
        "fields": {
            "description": "LIBOR"
        }
    },
    {
        "model": "transaction.interestratetype",
        "pk": 3,
        "fields": {
            "description": "SOFOR"
        }
    },
    {
        "model": "transaction.interestratetype",
        "pk": 4,
        "fields": {
            "description": "NULL"
        }
    },
    {
        "model": "transaction.interestchoice",
        "pk": 1,
        "fields": {
            "description": "FIXED"
        }
    },
    {
        "model": "transaction.interestchoice",
        "pk": 2,
        "fields": {
            "description": "FLOATING"
        }
    },
    {
        "model": "transaction.interestchoice",
        "pk": 3,
        "fields": {
            "description": "NULL"
        }
    },
    {
        "model": "transaction.programs",
        "pk": 29,
        "fields": {
            "party": 11,
            "program_type": "APF",
            "finance_request_type": "AUTOMATIC",
            "limit_currency": "USD",
            "total_limit_amount": "50000.00",
            "finance_currency": null,
            "settlement_currency": "USD",
            "expiry_date": "2022-11-30",
            "max_finance_percentage": "85.00",
            "max_invoice_age_for_funding": 90,
            "max_age_for_repayment": null,
            "minimum_period": null,
            "maximum_period": null,
            "maximum_amount": "25000.00",
            "minimum_amount": null,
            "financed_amount": null,
            "balance_amount": null,
            "grace_period": 7,
            "interest_type": 1,
            "interest_rate_type": 4,
            "interest_rate": null,
            "margin": "7.00",
            "comments": "comment",
            "status": null,
            "is_locked": true,
            "created_date": "2022-10-09T08:16:13.410Z",
            "created_by": 16
        }
    },
    {
        "model": "transaction.programs",
        "pk": 31,
        "fields": {
            "party": 1,
            "program_type": "APF",
            "finance_request_type": "AUTOMATIC",
            "limit_currency": "INR",
            "total_limit_amount": "1200.00",
            "finance_currency": null,
            "settlement_currency": "INR",
            "expiry_date": "2022-10-27",
            "max_finance_percentage": "12.00",
            "max_invoice_age_for_funding": 12,
            "max_age_for_repayment": null,
            "minimum_period": null,
            "maximum_period": null,
            "maximum_amount": "120.00",
            "minimum_amount": null,
            "financed_amount": null,
            "balance_amount": null,
            "grace_period": 1,
            "interest_type": 2,
            "interest_rate_type": 2,
            "interest_rate": null,
            "margin": "12.00",
            "comments": "users updated by anand",
            "status": null,
            "is_locked": true,
            "created_date": "2022-10-20T05:46:20.895Z",
            "created_by": 1
        }
    },
    {
        "model": "transaction.programs",
        "pk": 33,
        "fields": {
            "party": 58,
            "program_type": "APF",
            "finance_request_type": "AUTOMATIC",
            "limit_currency": "INR",
            "total_limit_amount": "100000.00",
            "finance_currency": null,
            "settlement_currency": "INR",
            "expiry_date": "2022-10-21",
            "max_finance_percentage": "90.00",
            "max_invoice_age_for_funding": 1,
            "max_age_for_repayment": null,
            "minimum_period": null,
            "maximum_period": null,
            "maximum_amount": "90000.00",
            "minimum_amount": null,
            "financed_amount": null,
            "balance_amount": null,
            "grace_period": 10,
            "interest_type": 1,
            "interest_rate_type": 4,
            "interest_rate": null,
            "margin": "4.00",
            "comments": "New Buyer Supplier pairing added",
            "status": null,
            "is_locked": false,
            "created_date": "2022-10-21T09:26:57.706Z",
            "created_by": 59
        }
    },
    {
        "model": "transaction.pairings",
        "pk": 38,
        "fields": {
            "program_id": 29,
            "counterparty_id": 36,
            "finance_request": "AUTOMATIC",
            "currency": null,
            "total_limit": "50000.00",
            "finance_currency_type": null,
            "settlement_currency_type": null,
            "expiry_date": "2022-10-18",
            "max_finance_percentage": "85.00",
            "max_invoice_age_for_funding": null,
            "max_age_for_repayment": null,
            "minimum_period": null,
            "maximum_period": null,
            "minimum_amount_currency": "USD",
            "minimum_amount": null,
            "maximum_amount": "25000.00",
            "financed_amount": "90.00",
            "balance_amount": null,
            "grace_period": 7,
            "interest_type": 1,
            "interest_rate_type": 1,
            "interest_rate": null,
            "margin": "7.00",
            "comments": "comment",
            "created_date": "2022-10-09T08:17:05.038Z"
        }
    },
    {
        "model": "transaction.pairings",
        "pk": 39,
        "fields": {
            "program_id": 29,
            "counterparty_id": 37,
            "finance_request": "AUTOMATIC",
            "currency": null,
            "total_limit": "30000.00",
            "finance_currency_type": null,
            "settlement_currency_type": null,
            "expiry_date": "2022-10-18",
            "max_finance_percentage": "85.00",
            "max_invoice_age_for_funding": null,
            "max_age_for_repayment": null,
            "minimum_period": null,
            "maximum_period": null,
            "minimum_amount_currency": "USD",
            "minimum_amount": null,
            "maximum_amount": "25000.00",
            "financed_amount": "90.00",
            "balance_amount": null,
            "grace_period": 7,
            "interest_type": 1,
            "interest_rate_type": 1,
            "interest_rate": null,
            "margin": "7.00",
            "comments": "comment",
            "created_date": "2022-10-18T05:19:49.773Z"
        }
    },
    {
        "model": "transaction.pairings",
        "pk": 40,
        "fields": {
            "program_id": 29,
            "counterparty_id": 38,
            "finance_request": "AUTOMATIC",
            "currency": null,
            "total_limit": "50000.00",
            "finance_currency_type": null,
            "settlement_currency_type": null,
            "expiry_date": "2022-11-30",
            "max_finance_percentage": "85.00",
            "max_invoice_age_for_funding": null,
            "max_age_for_repayment": null,
            "minimum_period": null,
            "maximum_period": null,
            "minimum_amount_currency": "USD",
            "minimum_amount": null,
            "maximum_amount": "25000.00",
            "financed_amount": "90.00",
            "balance_amount": null,
            "grace_period": 7,
            "interest_type": 1,
            "interest_rate_type": 1,
            "interest_rate": null,
            "margin": "7.00",
            "comments": "comment",
            "created_date": "2022-10-18T09:18:23.336Z"
        }
    },
    {
        "model": "transaction.pairings",
        "pk": 42,
        "fields": {
            "program_id": 31,
            "counterparty_id": 40,
            "finance_request": "AUTOMATIC",
            "currency": null,
            "total_limit": "1200.00",
            "finance_currency_type": null,
            "settlement_currency_type": null,
            "expiry_date": "2022-10-27",
            "max_finance_percentage": "12.00",
            "max_invoice_age_for_funding": null,
            "max_age_for_repayment": null,
            "minimum_period": null,
            "maximum_period": null,
            "minimum_amount_currency": "INR",
            "minimum_amount": null,
            "maximum_amount": "120.00",
            "financed_amount": "12.00",
            "balance_amount": null,
            "grace_period": 1,
            "interest_type": 1,
            "interest_rate_type": 1,
            "interest_rate": null,
            "margin": "12.00",
            "comments": "users updated by anand",
            "created_date": "2022-10-20T05:47:23.066Z"
        }
    },
    {
        "model": "transaction.pairings",
        "pk": 46,
        "fields": {
            "program_id": 33,
            "counterparty_id": 41,
            "finance_request": "AUTOMATIC",
            "currency": null,
            "total_limit": "100000.00",
            "finance_currency_type": null,
            "settlement_currency_type": null,
            "expiry_date": "2022-10-21",
            "max_finance_percentage": "90.00",
            "max_invoice_age_for_funding": null,
            "max_age_for_repayment": null,
            "minimum_period": null,
            "maximum_period": null,
            "minimum_amount_currency": "INR",
            "minimum_amount": null,
            "maximum_amount": "90000.00",
            "financed_amount": "1.00",
            "balance_amount": null,
            "grace_period": 10,
            "interest_type": 1,
            "interest_rate_type": 1,
            "interest_rate": null,
            "margin": "4.00",
            "comments": "New Buyer Supplier pairing added",
            "created_date": "2022-10-21T09:28:04.792Z"
        }
    },
    {
        "model": "transaction.pairings",
        "pk": 47,
        "fields": {
            "program_id": 31,
            "counterparty_id": 42,
            "finance_request": "AUTOMATIC",
            "currency": null,
            "total_limit": "1200.00",
            "finance_currency_type": null,
            "settlement_currency_type": null,
            "expiry_date": "2022-10-21",
            "max_finance_percentage": "12.00",
            "max_invoice_age_for_funding": null,
            "max_age_for_repayment": null,
            "minimum_period": null,
            "maximum_period": null,
            "minimum_amount_currency": "INR",
            "minimum_amount": null,
            "maximum_amount": "120.00",
            "financed_amount": "12.00",
            "balance_amount": null,
            "grace_period": 1,
            "interest_type": 2,
            "interest_rate_type": 2,
            "interest_rate": null,
            "margin": "12.00",
            "comments": "users updated by anand",
            "created_date": "2022-10-21T09:31:52.926Z"
        }
    },
    {
        "model": "transaction.pairings",
        "pk": 48,
        "fields": {
            "program_id": 31,
            "counterparty_id": 43,
            "finance_request": "AUTOMATIC",
            "currency": null,
            "total_limit": "1200.00",
            "finance_currency_type": null,
            "settlement_currency_type": null,
            "expiry_date": "2022-10-31",
            "max_finance_percentage": "12.00",
            "max_invoice_age_for_funding": null,
            "max_age_for_repayment": null,
            "minimum_period": null,
            "maximum_period": null,
            "minimum_amount_currency": "INR",
            "minimum_amount": null,
            "maximum_amount": "120.00",
            "financed_amount": "12.00",
            "balance_amount": null,
            "grace_period": 1,
            "interest_type": 2,
            "interest_rate_type": 2,
            "interest_rate": null,
            "margin": "12.00",
            "comments": "users updated by anand",
            "created_date": "2022-10-21T10:18:35.542Z"
        }
    },
    {
        "model": "transaction.pairings",
        "pk": 49,
        "fields": {
            "program_id": 33,
            "counterparty_id": 44,
            "finance_request": "AUTOMATIC",
            "currency": null,
            "total_limit": "10000.00",
            "finance_currency_type": null,
            "settlement_currency_type": null,
            "expiry_date": "2022-10-21",
            "max_finance_percentage": "90.00",
            "max_invoice_age_for_funding": null,
            "max_age_for_repayment": null,
            "minimum_period": null,
            "maximum_period": null,
            "minimum_amount_currency": "INR",
            "minimum_amount": null,
            "maximum_amount": "90000.00",
            "financed_amount": "1.00",
            "balance_amount": null,
            "grace_period": 10,
            "interest_type": 1,
            "interest_rate_type": 1,
            "interest_rate": null,
            "margin": "4.00",
            "comments": "New Buyer Supplier pairing added",
            "created_date": "2022-10-21T10:27:29.285Z"
        }
    },
    {
        "model": "transaction.invoices",
        "pk": 6,
        "fields": {
            "party": 52,
            "program_type": "APF",
            "pairing": 42,
            "invoice_no": "12312",
            "issue_date": "2022-10-20",
            "due_date": "2022-10-20",
            "invoice_currency": 4,
            "amount": "12000.00",
            "funding_req_type": null,
            "finance_currency_type": null,
            "settlement_currency_type": null,
            "interest_rate": null,
            "financed_amount": null,
            "bank_loan_id": null,
            "created_date": "2022-10-20T06:49:43.164Z"
        }
    },
    {
        "model": "transaction.invoices",
        "pk": 7,
        "fields": {
            "party": 61,
            "program_type": "APF",
            "pairing": 47,
            "invoice_no": "34",
            "issue_date": "2022-10-21",
            "due_date": "2022-10-21",
            "invoice_currency": 1,
            "amount": "233.00",
            "funding_req_type": null,
            "finance_currency_type": null,
            "settlement_currency_type": null,
            "interest_rate": null,
            "financed_amount": null,
            "bank_loan_id": null,
            "created_date": "2022-10-21T09:54:20.887Z"
        }
    },
    {
        "model": "transaction.invoices",
        "pk": 8,
        "fields": {
            "party": 60,
            "program_type": "APF",
            "pairing": 46,
            "invoice_no": "11",
            "issue_date": "2022-10-21",
            "due_date": "2022-10-21",
            "invoice_currency": 67,
            "amount": "2000.00",
            "funding_req_type": null,
            "finance_currency_type": 67,
            "settlement_currency_type": 67,
            "interest_rate": null,
            "financed_amount": null,
            "bank_loan_id": null,
            "created_date": "2022-10-21T12:00:22.406Z"
        }
    },
    {
        "model": "transaction.invoices",
        "pk": 9,
        "fields": {
            "party": 60,
            "program_type": "APF",
            "pairing": 46,
            "invoice_no": "21",
            "issue_date": "2022-10-21",
            "due_date": "2022-10-21",
            "invoice_currency": 67,
            "amount": "1000.00",
            "funding_req_type": null,
            "finance_currency_type": null,
            "settlement_currency_type": null,
            "interest_rate": null,
            "financed_amount": null,
            "bank_loan_id": null,
            "created_date": "2022-10-21T12:08:47.966Z"
        }
    },
    {
        "model": "transaction.invoiceuploads",
        "pk": 12,
        "fields": {
            "program_type": "APF",
            "invoices": [
                {
                    "buyerId": 42,
                    "dueDate": "31-10-2022",
                    "buyerName": "VENZO",
                    "invoiceNo": 12312,
                    "program_id": 31,
                    "invoiceDate": "20-10-2022",
                    "invoiceType": "AMD",
                    "program_user": "ANAND RAJ",
                    "invoiceAmount": 12000,
                    "counterparty_id": "REDMI",
                    "financingCurrency": "INR",
                    "settlementCurrency": "USD"
                }
            ],
            "is_finished": null,
            "created_date": "2022-10-20T06:46:28.434Z"
        }
    },
    {
        "model": "transaction.invoiceuploads",
        "pk": 13,
        "fields": {
            "program_type": "APF",
            "invoices": [
                {
                    "buyerId": 42,
                    "dueDate": "31-10-2022",
                    "buyerName": "VENZO",
                    "invoiceNo": 12312,
                    "program_id": 31,
                    "invoiceDate": "20-10-2022",
                    "invoiceType": "AMD",
                    "program_user": "ANAND RAJ",
                    "invoiceAmount": 12000,
                    "counterparty_id": "REDMI",
                    "financingCurrency": "INR",
                    "settlementCurrency": "USD"
                }
            ],
            "is_finished": null,
            "created_date": "2022-10-20T06:47:41.665Z"
        }
    },
    {
        "model": "transaction.invoiceuploads",
        "pk": 14,
        "fields": {
            "program_type": "APF",
            "invoices": [
                {
                    "buyerId": 47,
                    "dueDate": "28-10-2022",
                    "buyerName": "VENZO",
                    "invoiceNo": 34,
                    "program_id": 31,
                    "invoiceDate": "21-10-2022",
                    "invoiceType": "AED",
                    "program_user": "ANAND RAJ",
                    "invoiceAmount": 233,
                    "counterparty_id": "REALME",
                    "financingCurrency": "AED",
                    "settlementCurrency": "AED"
                }
            ],
            "is_finished": null,
            "created_date": "2022-10-21T09:37:06.235Z"
        }
    },
    {
        "model": "transaction.invoiceuploads",
        "pk": 15,
        "fields": {
            "program_type": "APF",
            "invoices": [
                {
                    "buyerId": 47,
                    "dueDate": "28-10-2022",
                    "buyerName": "VENZO",
                    "invoiceNo": 34,
                    "program_id": 31,
                    "invoiceDate": "21-10-2022",
                    "invoiceType": "AED",
                    "program_user": "ANAND RAJ",
                    "invoiceAmount": 233,
                    "counterparty_id": "REALME",
                    "financingCurrency": "AED",
                    "settlementCurrency": "AED"
                }
            ],
            "is_finished": null,
            "created_date": "2022-10-21T09:51:27.673Z"
        }
    },
    {
        "model": "transaction.invoiceuploads",
        "pk": 16,
        "fields": {
            "program_type": "APF",
            "invoices": [
                {
                    "buyerId": 47,
                    "dueDate": "28-10-2022",
                    "buyerName": "VENZO",
                    "invoiceNo": 34,
                    "program_id": 31,
                    "invoiceDate": "21-10-2022",
                    "invoiceType": "AED",
                    "program_user": "ANAND RAJ",
                    "invoiceAmount": 233,
                    "counterparty_id": "REALME",
                    "financingCurrency": "AED",
                    "settlementCurrency": "AED"
                }
            ],
            "is_finished": null,
            "created_date": "2022-10-21T09:52:01.971Z"
        }
    },
    {
        "model": "transaction.invoiceuploads",
        "pk": 17,
        "fields": {
            "program_type": "APF",
            "invoices": [
                {
                    "buyerId": 47,
                    "dueDate": "28-10-2022",
                    "buyerName": "VENZO",
                    "invoiceNo": 34,
                    "program_id": 31,
                    "invoiceDate": "21-10-2022",
                    "invoiceType": "AED",
                    "program_user": "ANAND RAJ",
                    "invoiceAmount": 233,
                    "counterparty_id": "REALME",
                    "financingCurrency": "AED",
                    "settlementCurrency": "AED"
                }
            ],
            "is_finished": null,
            "created_date": "2022-10-21T09:53:33.941Z"
        }
    },
    {
        "model": "transaction.invoiceuploads",
        "pk": 32,
        "fields": {
            "program_type": "APF",
            "invoices": [
                {
                    "buyerId": 46,
                    "dueDate": "31-10-2022",
                    "buyerName": "PETRICHOR",
                    "invoiceNo": 11,
                    "program_id": 33,
                    "invoiceDate": "21-10-2022",
                    "invoiceType": "INR",
                    "program_user": "Petrichor Imports",
                    "invoiceAmount": 2000,
                    "counterparty_id": "STELLAR",
                    "financingCurrency": "INR",
                    "settlementCurrency": "INR"
                }
            ],
            "is_finished": null,
            "created_date": "2022-10-21T11:48:27.948Z"
        }
    },
    {
        "model": "transaction.invoiceuploads",
        "pk": 33,
        "fields": {
            "program_type": "APF",
            "invoices": [
                {
                    "buyerId": 46,
                    "dueDate": "31-10-2022",
                    "buyerName": "PETRICHOR",
                    "invoiceNo": 21,
                    "program_id": 33,
                    "invoiceDate": "21-10-2022",
                    "invoiceType": "INR",
                    "program_user": "Petrichor Imports",
                    "invoiceAmount": 1000,
                    "counterparty_id": "STELLAR",
                    "financingCurrency": "INR",
                    "settlementCurrency": "INR"
                }
            ],
            "is_finished": null,
            "created_date": "2022-10-21T12:08:21.734Z"
        }
    },
    {
        "model": "transaction.invoiceuploads",
        "pk": 34,
        "fields": {
            "program_type": "APF",
            "invoices": [
                {
                    "buyerId": "",
                    "dueDate": "30-11-2022",
                    "buyerName": [],
                    "invoiceNo": 112,
                    "program_id": [],
                    "invoiceDate": "04-10-2022",
                    "invoiceType": "USD",
                    "program_user": [],
                    "invoiceAmount": 565600,
                    "counterparty_id": [],
                    "financingCurrency": "AED",
                    "settlementCurrency": "AED"
                }
            ],
            "is_finished": null,
            "created_date": "2022-10-25T16:33:45.794Z"
        }
    },
    {
        "model": "transaction.invoiceuploads",
        "pk": 35,
        "fields": {
            "program_type": "APF",
            "invoices": [
                {
                    "buyerId": "",
                    "dueDate": "09-12-2022",
                    "buyerName": [],
                    "invoiceNo": 444,
                    "program_id": [],
                    "invoiceDate": "01-09-2022",
                    "invoiceType": "AED",
                    "program_user": [],
                    "invoiceAmount": 76000,
                    "counterparty_id": [],
                    "financingCurrency": "GBP",
                    "settlementCurrency": "GBP"
                }
            ],
            "is_finished": null,
            "created_date": "2022-10-25T16:39:27.514Z"
        }
    },
    {
        "model": "transaction.invoiceuploads",
        "pk": 36,
        "fields": {
            "program_type": "APF",
            "invoices": [
                {
                    "buyerId": "",
                    "dueDate": "09-12-2022",
                    "buyerName": [],
                    "invoiceNo": 444,
                    "program_id": [],
                    "invoiceDate": "01-09-2022",
                    "invoiceType": "AED",
                    "program_user": [],
                    "invoiceAmount": 76000,
                    "counterparty_id": [],
                    "financingCurrency": "GBP",
                    "settlementCurrency": "GBP"
                }
            ],
            "is_finished": null,
            "created_date": "2022-10-25T16:39:33.020Z"
        }
    },
    {
        "model": "transaction.invoiceuploads",
        "pk": 37,
        "fields": {
            "program_type": "APF",
            "invoices": [
                {
                    "buyerId": "",
                    "dueDate": "25-11-2022",
                    "buyerName": [],
                    "invoiceNo": 34,
                    "program_id": [],
                    "invoiceDate": "03-10-2022",
                    "invoiceType": "AUD",
                    "program_user": [],
                    "invoiceAmount": 45333,
                    "counterparty_id": [],
                    "financingCurrency": "AUD",
                    "settlementCurrency": "AUD"
                }
            ],
            "is_finished": null,
            "created_date": "2022-10-26T04:59:02.703Z"
        }
    },
    {
        "model": "transaction.workflowitems",
        "pk": 64,
        "fields": {
            "created_date": "2022-10-09T08:16:13.438Z",
            "program": 29,
            "invoice": null,
            "uploads": null,
            "counterparty": null,
            "initial_state": "DRAFT",
            "interim_state": "AWAITING_SIGN_A",
            "final_state": "AWAITING_APPROVAL",
            "next_available_transitions": "[\"AWAITING_SIGN_A\", \"AWAITING_SIGN_B\"]",
            "user": 16,
            "current_from_party": 11,
            "current_to_party": 11,
            "action": "SUBMIT",
            "subaction": "MAKER",
            "previous_action": "APPROVE",
            "type": "PROGRAM",
            "comments": "null",
            "is_read": true
        }
    },
    {
        "model": "transaction.workflowitems",
        "pk": 65,
        "fields": {
            "created_date": "2022-10-09T08:17:05.004Z",
            "program": null,
            "invoice": null,
            "uploads": null,
            "counterparty": 36,
            "initial_state": "DRAFT",
            "interim_state": "DRAFT",
            "final_state": "COMPLETED",
            "next_available_transitions": null,
            "user": 2,
            "current_from_party": 54,
            "current_to_party": 54,
            "action": "SAVE",
            "subaction": null,
            "previous_action": null,
            "type": "COUNTERPARTY_ONBOARING",
            "comments": null,
            "is_read": true
        }
    },
    {
        "model": "transaction.workflowitems",
        "pk": 66,
        "fields": {
            "created_date": "2022-10-18T05:19:49.420Z",
            "program": null,
            "invoice": null,
            "uploads": null,
            "counterparty": 37,
            "initial_state": "DRAFT",
            "interim_state": "DRAFT",
            "final_state": "DRAFT",
            "next_available_transitions": null,
            "user": 16,
            "current_from_party": 55,
            "current_to_party": 55,
            "action": "SAVE",
            "subaction": null,
            "previous_action": null,
            "type": "COUNTERPARTY_ONBOARING",
            "comments": null,
            "is_read": true
        }
    },
    {
        "model": "transaction.workflowitems",
        "pk": 68,
        "fields": {
            "created_date": "2022-10-18T09:18:23.228Z",
            "program": null,
            "invoice": null,
            "uploads": null,
            "counterparty": 38,
            "initial_state": "DRAFT",
            "interim_state": "DRAFT",
            "final_state": "DRAFT",
            "next_available_transitions": null,
            "user": 16,
            "current_from_party": 56,
            "current_to_party": 56,
            "action": "SAVE",
            "subaction": null,
            "previous_action": null,
            "type": "COUNTERPARTY_ONBOARING",
            "comments": null,
            "is_read": true
        }
    },
    {
        "model": "transaction.workflowitems",
        "pk": 70,
        "fields": {
            "created_date": "2022-10-20T05:46:20.901Z",
            "program": 31,
            "invoice": null,
            "uploads": null,
            "counterparty": null,
            "initial_state": "DRAFT",
            "interim_state": "AWAITING_SIGN_A",
            "final_state": "AWAITING_APPROVAL",
            "next_available_transitions": "[\"AWAITING_SIGN_A\", \"AWAITING_SIGN_B\"]",
            "user": 1,
            "current_from_party": 1,
            "current_to_party": 1,
            "action": "SUBMIT",
            "subaction": "MAKER",
            "previous_action": "APPROVE",
            "type": "PROGRAM",
            "comments": "null",
            "is_read": true
        }
    },
    {
        "model": "transaction.workflowitems",
        "pk": 71,
        "fields": {
            "created_date": "2022-10-20T05:47:23.036Z",
            "program": null,
            "invoice": null,
            "uploads": null,
            "counterparty": 40,
            "initial_state": "DRAFT",
            "interim_state": "DRAFT",
            "final_state": "DRAFT",
            "next_available_transitions": null,
            "user": 1,
            "current_from_party": 52,
            "current_to_party": 52,
            "action": "SAVE",
            "subaction": null,
            "previous_action": null,
            "type": "COUNTERPARTY_ONBOARING",
            "comments": null,
            "is_read": true
        }
    },
    {
        "model": "transaction.workflowitems",
        "pk": 72,
        "fields": {
            "created_date": "2022-10-20T06:46:28.438Z",
            "program": null,
            "invoice": null,
            "uploads": 12,
            "counterparty": null,
            "initial_state": "DRAFT",
            "interim_state": "DRAFT",
            "final_state": "DRAFT",
            "next_available_transitions": null,
            "user": 58,
            "current_from_party": 52,
            "current_to_party": 52,
            "action": "SAVE",
            "subaction": null,
            "previous_action": null,
            "type": "UPLOAD",
            "comments": null,
            "is_read": true
        }
    },
    {
        "model": "transaction.workflowitems",
        "pk": 73,
        "fields": {
            "created_date": "2022-10-20T06:47:41.668Z",
            "program": null,
            "invoice": null,
            "uploads": 13,
            "counterparty": null,
            "initial_state": "DRAFT",
            "interim_state": "COMPLETED",
            "final_state": "COMPLETED",
            "next_available_transitions": "[]",
            "user": 58,
            "current_from_party": 52,
            "current_to_party": 52,
            "action": "SUBMIT",
            "subaction": "SIGN_A",
            "previous_action": "SUBMIT",
            "type": "UPLOAD",
            "comments": "null",
            "is_read": true
        }
    },
    {
        "model": "transaction.workflowitems",
        "pk": 74,
        "fields": {
            "created_date": "2022-10-20T06:49:43.177Z",
            "program": null,
            "invoice": 6,
            "uploads": null,
            "counterparty": null,
            "initial_state": "FINANCE_REQUESTED",
            "interim_state": "FINANCED",
            "final_state": "FINANCED",
            "next_available_transitions": "[]",
            "user": 58,
            "current_from_party": 2,
            "current_to_party": 52,
            "action": "APPROVE",
            "subaction": "SIGN_B",
            "previous_action": "APPROVE",
            "type": "INVOICE",
            "comments": "null",
            "is_read": true
        }
    },
    {
        "model": "transaction.workflowitems",
        "pk": 76,
        "fields": {
            "created_date": "2022-10-21T09:26:57.837Z",
            "program": 33,
            "invoice": null,
            "uploads": null,
            "counterparty": null,
            "initial_state": "AWAITING_APPROVAL",
            "interim_state": "APPROVED",
            "final_state": "APPROVED",
            "next_available_transitions": "[]",
            "user": 59,
            "current_from_party": 2,
            "current_to_party": 58,
            "action": "APPROVE",
            "subaction": "SIGN_B",
            "previous_action": "APPROVE",
            "type": "PROGRAM",
            "comments": "null",
            "is_read": true
        }
    },
    {
        "model": "transaction.workflowitems",
        "pk": 77,
        "fields": {
            "created_date": "2022-10-21T09:28:04.651Z",
            "program": null,
            "invoice": null,
            "uploads": null,
            "counterparty": 41,
            "initial_state": "DRAFT",
            "interim_state": "DRAFT",
            "final_state": "COMPLETED",
            "next_available_transitions": null,
            "user": 61,
            "current_from_party": 60,
            "current_to_party": 60,
            "action": "SAVE",
            "subaction": null,
            "previous_action": null,
            "type": "COUNTERPARTY_ONBOARING",
            "comments": null,
            "is_read": true
        }
    },
    {
        "model": "transaction.workflowitems",
        "pk": 78,
        "fields": {
            "created_date": "2022-10-21T09:31:52.900Z",
            "program": null,
            "invoice": null,
            "uploads": null,
            "counterparty": 42,
            "initial_state": "SENT TO BANK",
            "interim_state": "COMPLETED",
            "final_state": "COMPLETED",
            "next_available_transitions": null,
            "user": 12,
            "current_from_party": 2,
            "current_to_party": 61,
            "action": "SAVE",
            "subaction": null,
            "previous_action": null,
            "type": "COUNTERPARTY_ONBOARING",
            "comments": null,
            "is_read": true
        }
    },
    {
        "model": "transaction.workflowitems",
        "pk": 79,
        "fields": {
            "created_date": "2022-10-21T09:37:06.240Z",
            "program": null,
            "invoice": null,
            "uploads": 14,
            "counterparty": null,
            "initial_state": "DRAFT",
            "interim_state": "DRAFT",
            "final_state": "DRAFT",
            "next_available_transitions": null,
            "user": 62,
            "current_from_party": 61,
            "current_to_party": 61,
            "action": "SAVE",
            "subaction": null,
            "previous_action": null,
            "type": "UPLOAD",
            "comments": null,
            "is_read": true
        }
    },
    {
        "model": "transaction.workflowitems",
        "pk": 80,
        "fields": {
            "created_date": "2022-10-21T09:51:27.676Z",
            "program": null,
            "invoice": null,
            "uploads": 15,
            "counterparty": null,
            "initial_state": "DRAFT",
            "interim_state": "DRAFT",
            "final_state": "DRAFT",
            "next_available_transitions": null,
            "user": 62,
            "current_from_party": 61,
            "current_to_party": 61,
            "action": "SAVE",
            "subaction": null,
            "previous_action": null,
            "type": "UPLOAD",
            "comments": null,
            "is_read": true
        }
    },
    {
        "model": "transaction.workflowitems",
        "pk": 81,
        "fields": {
            "created_date": "2022-10-21T09:52:01.974Z",
            "program": null,
            "invoice": null,
            "uploads": 16,
            "counterparty": null,
            "initial_state": "DRAFT",
            "interim_state": "DRAFT",
            "final_state": "DRAFT",
            "next_available_transitions": null,
            "user": 62,
            "current_from_party": 61,
            "current_to_party": 61,
            "action": "SAVE",
            "subaction": null,
            "previous_action": null,
            "type": "UPLOAD",
            "comments": null,
            "is_read": true
        }
    },
    {
        "model": "transaction.workflowitems",
        "pk": 82,
        "fields": {
            "created_date": "2022-10-21T09:53:33.944Z",
            "program": null,
            "invoice": null,
            "uploads": 17,
            "counterparty": null,
            "initial_state": "DRAFT",
            "interim_state": "COMPLETED",
            "final_state": "COMPLETED",
            "next_available_transitions": "[]",
            "user": 62,
            "current_from_party": 61,
            "current_to_party": 61,
            "action": "SUBMIT",
            "subaction": "SIGN_A",
            "previous_action": "SUBMIT",
            "type": "UPLOAD",
            "comments": "null",
            "is_read": true
        }
    },
    {
        "model": "transaction.workflowitems",
        "pk": 83,
        "fields": {
            "created_date": "2022-10-21T09:54:20.904Z",
            "program": null,
            "invoice": 7,
            "uploads": null,
            "counterparty": null,
            "initial_state": "FINANCE_REQUESTED",
            "interim_state": "FINANCED",
            "final_state": "FINANCED",
            "next_available_transitions": "[]",
            "user": 62,
            "current_from_party": 2,
            "current_to_party": 61,
            "action": "APPROVE",
            "subaction": "SIGN_B",
            "previous_action": "APPROVE",
            "type": "INVOICE",
            "comments": "null",
            "is_read": true
        }
    },
    {
        "model": "transaction.workflowitems",
        "pk": 84,
        "fields": {
            "created_date": "2022-10-21T10:18:35.514Z",
            "program": null,
            "invoice": null,
            "uploads": null,
            "counterparty": 43,
            "initial_state": "DRAFT",
            "interim_state": "DRAFT",
            "final_state": "DRAFT",
            "next_available_transitions": null,
            "user": 1,
            "current_from_party": 62,
            "current_to_party": 62,
            "action": "SAVE",
            "subaction": null,
            "previous_action": null,
            "type": "COUNTERPARTY_ONBOARING",
            "comments": null,
            "is_read": true
        }
    },
    {
        "model": "transaction.workflowitems",
        "pk": 85,
        "fields": {
            "created_date": "2022-10-21T10:27:29.261Z",
            "program": null,
            "invoice": null,
            "uploads": null,
            "counterparty": 44,
            "initial_state": "DRAFT",
            "interim_state": "DRAFT",
            "final_state": "DRAFT",
            "next_available_transitions": null,
            "user": 59,
            "current_from_party": 63,
            "current_to_party": 63,
            "action": "SAVE",
            "subaction": null,
            "previous_action": null,
            "type": "COUNTERPARTY_ONBOARING",
            "comments": null,
            "is_read": true
        }
    },
    {
        "model": "transaction.workflowitems",
        "pk": 100,
        "fields": {
            "created_date": "2022-10-21T11:48:27.951Z",
            "program": null,
            "invoice": null,
            "uploads": 32,
            "counterparty": null,
            "initial_state": "DRAFT",
            "interim_state": "COMPLETED",
            "final_state": "COMPLETED",
            "next_available_transitions": "[]",
            "user": 61,
            "current_from_party": 60,
            "current_to_party": 60,
            "action": "SUBMIT",
            "subaction": "SIGN_C",
            "previous_action": "SUBMIT",
            "type": "UPLOAD",
            "comments": "null",
            "is_read": true
        }
    },
    {
        "model": "transaction.workflowitems",
        "pk": 101,
        "fields": {
            "created_date": "2022-10-21T12:00:22.414Z",
            "program": null,
            "invoice": 8,
            "uploads": null,
            "counterparty": null,
            "initial_state": "AWAITING_SIGN_B",
            "interim_state": "REJECTED_BY_BUYER",
            "final_state": "REJECTED_BY_BUYER",
            "next_available_transitions": "[]",
            "user": 61,
            "current_from_party": 58,
            "current_to_party": 60,
            "action": "REJECT",
            "subaction": "SIGN_A",
            "previous_action": "REJECT",
            "type": "INVOICE",
            "comments": "null",
            "is_read": true
        }
    },
    {
        "model": "transaction.workflowitems",
        "pk": 102,
        "fields": {
            "created_date": "2022-10-21T12:08:21.738Z",
            "program": null,
            "invoice": null,
            "uploads": 33,
            "counterparty": null,
            "initial_state": "DRAFT",
            "interim_state": "COMPLETED",
            "final_state": "COMPLETED",
            "next_available_transitions": "[]",
            "user": 61,
            "current_from_party": 60,
            "current_to_party": 60,
            "action": "SUBMIT",
            "subaction": "SIGN_C",
            "previous_action": "SUBMIT",
            "type": "UPLOAD",
            "comments": "null",
            "is_read": true
        }
    },
    {
        "model": "transaction.workflowitems",
        "pk": 103,
        "fields": {
            "created_date": "2022-10-21T12:08:47.973Z",
            "program": null,
            "invoice": 9,
            "uploads": null,
            "counterparty": null,
            "initial_state": "FINANCE_REQUESTED",
            "interim_state": "FINANCED",
            "final_state": "FINANCED",
            "next_available_transitions": "[]",
            "user": 61,
            "current_from_party": 2,
            "current_to_party": 60,
            "action": "APPROVE",
            "subaction": "SIGN_B",
            "previous_action": "APPROVE",
            "type": "INVOICE",
            "comments": "null",
            "is_read": true
        }
    },
    {
        "model": "transaction.workflowitems",
        "pk": 104,
        "fields": {
            "created_date": "2022-10-25T16:33:46.108Z",
            "program": null,
            "invoice": null,
            "uploads": 34,
            "counterparty": null,
            "initial_state": "DRAFT",
            "interim_state": "DRAFT",
            "final_state": "DRAFT",
            "next_available_transitions": null,
            "user": 16,
            "current_from_party": 11,
            "current_to_party": 11,
            "action": "SAVE",
            "subaction": null,
            "previous_action": null,
            "type": "UPLOAD",
            "comments": null,
            "is_read": true
        }
    },
    {
        "model": "transaction.workflowitems",
        "pk": 105,
        "fields": {
            "created_date": "2022-10-25T16:39:27.518Z",
            "program": null,
            "invoice": null,
            "uploads": 35,
            "counterparty": null,
            "initial_state": "DRAFT",
            "interim_state": "DRAFT",
            "final_state": "DRAFT",
            "next_available_transitions": null,
            "user": 16,
            "current_from_party": 11,
            "current_to_party": 11,
            "action": "SAVE",
            "subaction": null,
            "previous_action": null,
            "type": "UPLOAD",
            "comments": null,
            "is_read": true
        }
    },
    {
        "model": "transaction.workflowitems",
        "pk": 106,
        "fields": {
            "created_date": "2022-10-25T16:39:33.023Z",
            "program": null,
            "invoice": null,
            "uploads": 36,
            "counterparty": null,
            "initial_state": "DRAFT",
            "interim_state": "DRAFT",
            "final_state": "DRAFT",
            "next_available_transitions": null,
            "user": 16,
            "current_from_party": 11,
            "current_to_party": 11,
            "action": "SAVE",
            "subaction": null,
            "previous_action": null,
            "type": "UPLOAD",
            "comments": null,
            "is_read": true
        }
    },
    {
        "model": "transaction.workflowitems",
        "pk": 107,
        "fields": {
            "created_date": "2022-10-26T04:59:02.765Z",
            "program": null,
            "invoice": null,
            "uploads": 37,
            "counterparty": null,
            "initial_state": "DRAFT",
            "interim_state": "DRAFT",
            "final_state": "DRAFT",
            "next_available_transitions": null,
            "user": 16,
            "current_from_party": 11,
            "current_to_party": 11,
            "action": "SAVE",
            "subaction": null,
            "previous_action": null,
            "type": "UPLOAD",
            "comments": null,
            "is_read": true
        }
    },
    {
        "model": "transaction.workevents",
        "pk": 180,
        "fields": {
            "workitems": 64,
            "from_state": "DRAFT",
            "action": "SAVE",
            "subaction": null,
            "to_state": "DRAFT",
            "interim_state": "DRAFT",
            "from_party": 11,
            "to_party": 11,
            "event_user": 16,
            "record_datas": {
                "party": "VENZO_3",
                "margin": "7.00",
                "status": null,
                "comments": "comment",
                "is_locked": true,
                "party_type": "BUYER",
                "expiry_date": "2022-11-30",
                "grace_period": 7,
                "program_type": "APF",
                "interest_rate": "None",
                "interest_type": "FIXED",
                "balance_amount": "None",
                "limit_currency": "USD",
                "maximum_amount": "25000.00",
                "maximum_period": "None",
                "minimum_amount": "None",
                "minimum_period": null,
                "financed_amount": "None",
                "finance_currency": null,
                "interest_rate_type": "NULL",
                "total_limit_amount": "50000.00",
                "settlement_currency": "USD",
                "finance_request_type": "AUTOMATIC",
                "max_age_for_repayment": null,
                "max_finance_percentage": "85.00",
                "max_invoice_age_for_funding": 90
            },
            "end": null,
            "is_read": true,
            "final": null,
            "c_final": null,
            "comments": null,
            "created_date": "2022-10-09T08:16:13.465Z",
            "type": "PROGRAM"
        }
    },
    {
        "model": "transaction.workevents",
        "pk": 181,
        "fields": {
            "workitems": 64,
            "from_state": "DRAFT",
            "action": "SUBMIT",
            "subaction": "MAKER",
            "to_state": "AWAITING_APPROVAL",
            "interim_state": "AWAITING_SIGN_A",
            "from_party": 11,
            "to_party": 11,
            "event_user": 16,
            "record_datas": {
                "party": "VENZO_3",
                "margin": "7.00",
                "status": null,
                "comments": "comment",
                "is_locked": true,
                "party_type": "BUYER",
                "expiry_date": "2022-11-30",
                "grace_period": 7,
                "program_type": "APF",
                "interest_rate": "None",
                "interest_type": "FIXED",
                "balance_amount": "None",
                "limit_currency": "USD",
                "maximum_amount": "25000.00",
                "maximum_period": "None",
                "minimum_amount": "None",
                "minimum_period": null,
                "financed_amount": "None",
                "finance_currency": null,
                "interest_rate_type": "NULL",
                "total_limit_amount": "50000.00",
                "settlement_currency": "USD",
                "finance_request_type": "AUTOMATIC",
                "max_age_for_repayment": null,
                "max_finance_percentage": "85.00",
                "max_invoice_age_for_funding": 90
            },
            "end": null,
            "is_read": true,
            "final": null,
            "c_final": null,
            "comments": "null",
            "created_date": "2022-10-09T08:17:17.203Z",
            "type": "PROGRAM"
        }
    },
    {
        "model": "transaction.workevents",
        "pk": 182,
        "fields": {
            "workitems": 64,
            "from_state": "DRAFT",
            "action": "SUBMIT",
            "subaction": "SIGN_A",
            "to_state": "AWAITING_APPROVAL",
            "interim_state": "AWAITING_SIGN_B",
            "from_party": 11,
            "to_party": 11,
            "event_user": 16,
            "record_datas": {
                "party": "VENZO_3",
                "margin": "7.00",
                "status": null,
                "comments": "comment",
                "is_locked": true,
                "party_type": "BUYER",
                "expiry_date": "2022-11-30",
                "grace_period": 7,
                "program_type": "APF",
                "interest_rate": "None",
                "interest_type": "FIXED",
                "balance_amount": "None",
                "limit_currency": "USD",
                "maximum_amount": "25000.00",
                "maximum_period": "None",
                "minimum_amount": "None",
                "minimum_period": null,
                "financed_amount": "None",
                "finance_currency": null,
                "interest_rate_type": "NULL",
                "total_limit_amount": "50000.00",
                "settlement_currency": "USD",
                "finance_request_type": "AUTOMATIC",
                "max_age_for_repayment": null,
                "max_finance_percentage": "85.00",
                "max_invoice_age_for_funding": 90
            },
            "end": null,
            "is_read": true,
            "final": null,
            "c_final": null,
            "comments": "null",
            "created_date": "2022-10-09T08:17:38.952Z",
            "type": "PROGRAM"
        }
    },
    {
        "model": "transaction.workevents",
        "pk": 183,
        "fields": {
            "workitems": 64,
            "from_state": "DRAFT",
            "action": "SUBMIT",
            "subaction": "SIGN_B",
            "to_state": "AWAITING_APPROVAL",
            "interim_state": "AWAITING_APPROVAL",
            "from_party": 11,
            "to_party": 2,
            "event_user": 16,
            "record_datas": {
                "party": "VENZO_3",
                "margin": "7.00",
                "status": null,
                "comments": "comment",
                "is_locked": true,
                "party_type": "BUYER",
                "expiry_date": "2022-11-30",
                "grace_period": 7,
                "program_type": "APF",
                "interest_rate": "None",
                "interest_type": "FIXED",
                "balance_amount": "None",
                "limit_currency": "USD",
                "maximum_amount": "25000.00",
                "maximum_period": "None",
                "minimum_amount": "None",
                "minimum_period": null,
                "financed_amount": "None",
                "finance_currency": null,
                "interest_rate_type": "NULL",
                "total_limit_amount": "50000.00",
                "settlement_currency": "USD",
                "finance_request_type": "AUTOMATIC",
                "max_age_for_repayment": null,
                "max_finance_percentage": "85.00",
                "max_invoice_age_for_funding": 90
            },
            "end": null,
            "is_read": true,
            "final": "YES",
            "c_final": null,
            "comments": "null",
            "created_date": "2022-10-09T08:17:46.510Z",
            "type": "PROGRAM"
        }
    },
    {
        "model": "transaction.workevents",
        "pk": 184,
        "fields": {
            "workitems": 64,
            "from_state": "DRAFT",
            "action": "SUBMIT",
            "subaction": "MAKER",
            "to_state": "AWAITING_APPROVAL",
            "interim_state": "AWAITING_SIGN_A",
            "from_party": 11,
            "to_party": 11,
            "event_user": 16,
            "record_datas": {
                "party": "VENZO_3",
                "margin": "7.00",
                "status": null,
                "comments": "comment",
                "is_locked": true,
                "party_type": "BUYER",
                "expiry_date": "2022-11-30",
                "grace_period": 7,
                "program_type": "APF",
                "interest_rate": "None",
                "interest_type": "FIXED",
                "balance_amount": "None",
                "limit_currency": "USD",
                "maximum_amount": "25000.00",
                "maximum_period": "None",
                "minimum_amount": "None",
                "minimum_period": null,
                "financed_amount": "None",
                "finance_currency": null,
                "interest_rate_type": "NULL",
                "total_limit_amount": "50000.00",
                "settlement_currency": "USD",
                "finance_request_type": "AUTOMATIC",
                "max_age_for_repayment": null,
                "max_finance_percentage": "85.00",
                "max_invoice_age_for_funding": 90
            },
            "end": null,
            "is_read": true,
            "final": null,
            "c_final": null,
            "comments": "null",
            "created_date": "2022-10-18T05:20:11.696Z",
            "type": "PROGRAM"
        }
    },
    {
        "model": "transaction.workevents",
        "pk": 185,
        "fields": {
            "workitems": 64,
            "from_state": "DRAFT",
            "action": "SUBMIT",
            "subaction": "SIGN_A",
            "to_state": "AWAITING_APPROVAL",
            "interim_state": "AWAITING_SIGN_B",
            "from_party": 11,
            "to_party": 11,
            "event_user": 16,
            "record_datas": {
                "party": "VENZO_3",
                "margin": "7.00",
                "status": null,
                "comments": "comment",
                "is_locked": true,
                "party_type": "BUYER",
                "expiry_date": "2022-11-30",
                "grace_period": 7,
                "program_type": "APF",
                "interest_rate": "None",
                "interest_type": "FIXED",
                "balance_amount": "None",
                "limit_currency": "USD",
                "maximum_amount": "25000.00",
                "maximum_period": "None",
                "minimum_amount": "None",
                "minimum_period": null,
                "financed_amount": "None",
                "finance_currency": null,
                "interest_rate_type": "NULL",
                "total_limit_amount": "50000.00",
                "settlement_currency": "USD",
                "finance_request_type": "AUTOMATIC",
                "max_age_for_repayment": null,
                "max_finance_percentage": "85.00",
                "max_invoice_age_for_funding": 90
            },
            "end": null,
            "is_read": true,
            "final": null,
            "c_final": null,
            "comments": "null",
            "created_date": "2022-10-18T05:21:18.987Z",
            "type": "PROGRAM"
        }
    },
    {
        "model": "transaction.workevents",
        "pk": 186,
        "fields": {
            "workitems": 64,
            "from_state": "DRAFT",
            "action": "SUBMIT",
            "subaction": "SIGN_B",
            "to_state": "AWAITING_APPROVAL",
            "interim_state": "AWAITING_APPROVAL",
            "from_party": 11,
            "to_party": 2,
            "event_user": 16,
            "record_datas": {
                "party": "VENZO_3",
                "margin": "7.00",
                "status": null,
                "comments": "comment",
                "is_locked": true,
                "party_type": "BUYER",
                "expiry_date": "2022-11-30",
                "grace_period": 7,
                "program_type": "APF",
                "interest_rate": "None",
                "interest_type": "FIXED",
                "balance_amount": "None",
                "limit_currency": "USD",
                "maximum_amount": "25000.00",
                "maximum_period": "None",
                "minimum_amount": "None",
                "minimum_period": null,
                "financed_amount": "None",
                "finance_currency": null,
                "interest_rate_type": "NULL",
                "total_limit_amount": "50000.00",
                "settlement_currency": "USD",
                "finance_request_type": "AUTOMATIC",
                "max_age_for_repayment": null,
                "max_finance_percentage": "85.00",
                "max_invoice_age_for_funding": 90
            },
            "end": null,
            "is_read": true,
            "final": "YES",
            "c_final": null,
            "comments": "null",
            "created_date": "2022-10-18T05:21:28.923Z",
            "type": "PROGRAM"
        }
    },
    {
        "model": "transaction.workevents",
        "pk": 195,
        "fields": {
            "workitems": 70,
            "from_state": "DRAFT",
            "action": "SAVE",
            "subaction": null,
            "to_state": "DRAFT",
            "interim_state": "DRAFT",
            "from_party": 1,
            "to_party": 1,
            "event_user": 1,
            "record_datas": {
                "party": "VENZO",
                "margin": "12.00",
                "status": null,
                "comments": "users updated by anand",
                "is_locked": true,
                "party_type": "BUYER",
                "expiry_date": "2022-10-27",
                "grace_period": 1,
                "program_type": "APF",
                "interest_rate": "None",
                "interest_type": "FLOATING",
                "balance_amount": "None",
                "limit_currency": "INR",
                "maximum_amount": "120.00",
                "maximum_period": "None",
                "minimum_amount": "None",
                "minimum_period": null,
                "financed_amount": "None",
                "finance_currency": null,
                "interest_rate_type": "LIBOR",
                "total_limit_amount": "1200.00",
                "settlement_currency": "INR",
                "finance_request_type": "AUTOMATIC",
                "max_age_for_repayment": null,
                "max_finance_percentage": "12.00",
                "max_invoice_age_for_funding": 12
            },
            "end": null,
            "is_read": true,
            "final": null,
            "c_final": null,
            "comments": null,
            "created_date": "2022-10-20T05:46:20.919Z",
            "type": "PROGRAM"
        }
    },
    {
        "model": "transaction.workevents",
        "pk": 196,
        "fields": {
            "workitems": 70,
            "from_state": "DRAFT",
            "action": "SUBMIT",
            "subaction": "MAKER",
            "to_state": "AWAITING_APPROVAL",
            "interim_state": "AWAITING_SIGN_A",
            "from_party": 1,
            "to_party": 1,
            "event_user": 1,
            "record_datas": {
                "party": "VENZO",
                "margin": "12.00",
                "status": null,
                "comments": "users updated by anand",
                "is_locked": true,
                "party_type": "BUYER",
                "expiry_date": "2022-10-27",
                "grace_period": 1,
                "program_type": "APF",
                "interest_rate": "None",
                "interest_type": "FLOATING",
                "balance_amount": "None",
                "limit_currency": "INR",
                "maximum_amount": "120.00",
                "maximum_period": "None",
                "minimum_amount": "None",
                "minimum_period": null,
                "financed_amount": "None",
                "finance_currency": null,
                "interest_rate_type": "LIBOR",
                "total_limit_amount": "1200.00",
                "settlement_currency": "INR",
                "finance_request_type": "AUTOMATIC",
                "max_age_for_repayment": null,
                "max_finance_percentage": "12.00",
                "max_invoice_age_for_funding": 12
            },
            "end": null,
            "is_read": true,
            "final": null,
            "c_final": null,
            "comments": "null",
            "created_date": "2022-10-20T05:48:21.629Z",
            "type": "PROGRAM"
        }
    },
    {
        "model": "transaction.workevents",
        "pk": 197,
        "fields": {
            "workitems": 70,
            "from_state": "DRAFT",
            "action": "SUBMIT",
            "subaction": "SIGN_A",
            "to_state": "AWAITING_APPROVAL",
            "interim_state": "AWAITING_SIGN_B",
            "from_party": 1,
            "to_party": 1,
            "event_user": 1,
            "record_datas": {
                "party": "VENZO",
                "margin": "12.00",
                "status": null,
                "comments": "users updated by anand",
                "is_locked": true,
                "party_type": "BUYER",
                "expiry_date": "2022-10-27",
                "grace_period": 1,
                "program_type": "APF",
                "interest_rate": "None",
                "interest_type": "FLOATING",
                "balance_amount": "None",
                "limit_currency": "INR",
                "maximum_amount": "120.00",
                "maximum_period": "None",
                "minimum_amount": "None",
                "minimum_period": null,
                "financed_amount": "None",
                "finance_currency": null,
                "interest_rate_type": "LIBOR",
                "total_limit_amount": "1200.00",
                "settlement_currency": "INR",
                "finance_request_type": "AUTOMATIC",
                "max_age_for_repayment": null,
                "max_finance_percentage": "12.00",
                "max_invoice_age_for_funding": 12
            },
            "end": null,
            "is_read": true,
            "final": null,
            "c_final": null,
            "comments": "null",
            "created_date": "2022-10-20T05:49:10.258Z",
            "type": "PROGRAM"
        }
    },
    {
        "model": "transaction.workevents",
        "pk": 198,
        "fields": {
            "workitems": 70,
            "from_state": "DRAFT",
            "action": "SUBMIT",
            "subaction": "SIGN_B",
            "to_state": "AWAITING_APPROVAL",
            "interim_state": "AWAITING_APPROVAL",
            "from_party": 1,
            "to_party": 2,
            "event_user": 1,
            "record_datas": {
                "party": "VENZO",
                "margin": "12.00",
                "status": null,
                "comments": "users updated by anand",
                "is_locked": true,
                "party_type": "BUYER",
                "expiry_date": "2022-10-27",
                "grace_period": 1,
                "program_type": "APF",
                "interest_rate": "None",
                "interest_type": "FLOATING",
                "balance_amount": "None",
                "limit_currency": "INR",
                "maximum_amount": "120.00",
                "maximum_period": "None",
                "minimum_amount": "None",
                "minimum_period": null,
                "financed_amount": "None",
                "finance_currency": null,
                "interest_rate_type": "LIBOR",
                "total_limit_amount": "1200.00",
                "settlement_currency": "INR",
                "finance_request_type": "AUTOMATIC",
                "max_age_for_repayment": null,
                "max_finance_percentage": "12.00",
                "max_invoice_age_for_funding": 12
            },
            "end": null,
            "is_read": true,
            "final": "YES",
            "c_final": null,
            "comments": "null",
            "created_date": "2022-10-20T05:49:34.238Z",
            "type": "PROGRAM"
        }
    },
    {
        "model": "transaction.workevents",
        "pk": 199,
        "fields": {
            "workitems": 70,
            "from_state": "AWAITING_APPROVAL",
            "action": "APPROVE",
            "subaction": "MAKER",
            "to_state": "APPROVED",
            "interim_state": "AWAITING_SIGN_A",
            "from_party": 2,
            "to_party": 2,
            "event_user": 12,
            "record_datas": {
                "party": "VENZO",
                "margin": "12.00",
                "status": null,
                "comments": "users updated by anand",
                "is_locked": true,
                "party_type": "BUYER",
                "expiry_date": "2022-10-27",
                "grace_period": 1,
                "program_type": "APF",
                "interest_rate": "None",
                "interest_type": "FLOATING",
                "balance_amount": "None",
                "limit_currency": "INR",
                "maximum_amount": "120.00",
                "maximum_period": "None",
                "minimum_amount": "None",
                "minimum_period": null,
                "financed_amount": "None",
                "finance_currency": null,
                "interest_rate_type": "LIBOR",
                "total_limit_amount": "1200.00",
                "settlement_currency": "INR",
                "finance_request_type": "AUTOMATIC",
                "max_age_for_repayment": null,
                "max_finance_percentage": "12.00",
                "max_invoice_age_for_funding": 12
            },
            "end": null,
            "is_read": true,
            "final": null,
            "c_final": null,
            "comments": "null",
            "created_date": "2022-10-20T05:56:15.112Z",
            "type": "PROGRAM"
        }
    },
    {
        "model": "transaction.workevents",
        "pk": 200,
        "fields": {
            "workitems": 70,
            "from_state": "AWAITING_APPROVAL",
            "action": "APPROVE",
            "subaction": "SIGN_A",
            "to_state": "APPROVED",
            "interim_state": "AWAITING_SIGN_B",
            "from_party": 2,
            "to_party": 2,
            "event_user": 12,
            "record_datas": {
                "party": "VENZO",
                "margin": "12.00",
                "status": null,
                "comments": "users updated by anand",
                "is_locked": true,
                "party_type": "BUYER",
                "expiry_date": "2022-10-27",
                "grace_period": 1,
                "program_type": "APF",
                "interest_rate": "None",
                "interest_type": "FLOATING",
                "balance_amount": "None",
                "limit_currency": "INR",
                "maximum_amount": "120.00",
                "maximum_period": "None",
                "minimum_amount": "None",
                "minimum_period": null,
                "financed_amount": "None",
                "finance_currency": null,
                "interest_rate_type": "LIBOR",
                "total_limit_amount": "1200.00",
                "settlement_currency": "INR",
                "finance_request_type": "AUTOMATIC",
                "max_age_for_repayment": null,
                "max_finance_percentage": "12.00",
                "max_invoice_age_for_funding": 12
            },
            "end": null,
            "is_read": true,
            "final": null,
            "c_final": null,
            "comments": "null",
            "created_date": "2022-10-20T05:57:00.793Z",
            "type": "PROGRAM"
        }
    },
    {
        "model": "transaction.workevents",
        "pk": 201,
        "fields": {
            "workitems": 70,
            "from_state": "AWAITING_APPROVAL",
            "action": "APPROVE",
            "subaction": "SIGN_B",
            "to_state": "APPROVED",
            "interim_state": "APPROVED",
            "from_party": 2,
            "to_party": 1,
            "event_user": 12,
            "record_datas": {
                "party": "VENZO",
                "margin": "12.00",
                "status": null,
                "comments": "users updated by anand",
                "is_locked": false,
                "party_type": "BUYER",
                "expiry_date": "2022-10-27",
                "grace_period": 1,
                "program_type": "APF",
                "interest_rate": "None",
                "interest_type": "FLOATING",
                "balance_amount": "None",
                "limit_currency": "INR",
                "maximum_amount": "120.00",
                "maximum_period": "None",
                "minimum_amount": "None",
                "minimum_period": null,
                "financed_amount": "None",
                "finance_currency": null,
                "interest_rate_type": "LIBOR",
                "total_limit_amount": "1200.00",
                "settlement_currency": "INR",
                "finance_request_type": "AUTOMATIC",
                "max_age_for_repayment": null,
                "max_finance_percentage": "12.00",
                "max_invoice_age_for_funding": 12
            },
            "end": null,
            "is_read": true,
            "final": "YES",
            "c_final": "YES",
            "comments": "null",
            "created_date": "2022-10-20T05:57:26.098Z",
            "type": "PROGRAM"
        }
    },
    {
        "model": "transaction.workevents",
        "pk": 202,
        "fields": {
            "workitems": 72,
            "from_state": "DRAFT",
            "action": "SAVE",
            "subaction": null,
            "to_state": "DRAFT",
            "interim_state": "DRAFT",
            "from_party": 52,
            "to_party": 52,
            "event_user": 58,
            "record_datas": null,
            "end": null,
            "is_read": true,
            "final": null,
            "c_final": null,
            "comments": null,
            "created_date": "2022-10-20T06:46:28.442Z",
            "type": "UPLOAD"
        }
    },
    {
        "model": "transaction.workevents",
        "pk": 203,
        "fields": {
            "workitems": 73,
            "from_state": "DRAFT",
            "action": "SAVE",
            "subaction": null,
            "to_state": "DRAFT",
            "interim_state": "DRAFT",
            "from_party": 52,
            "to_party": 52,
            "event_user": 58,
            "record_datas": null,
            "end": null,
            "is_read": true,
            "final": null,
            "c_final": null,
            "comments": null,
            "created_date": "2022-10-20T06:47:41.672Z",
            "type": "UPLOAD"
        }
    },
    {
        "model": "transaction.workevents",
        "pk": 204,
        "fields": {
            "workitems": 73,
            "from_state": "DRAFT",
            "action": "SUBMIT",
            "subaction": "MAKER",
            "to_state": "COMPLETED",
            "interim_state": "AWAITING_SIGN_A",
            "from_party": 52,
            "to_party": 52,
            "event_user": 58,
            "record_datas": null,
            "end": null,
            "is_read": true,
            "final": null,
            "c_final": null,
            "comments": "null",
            "created_date": "2022-10-20T06:47:42.197Z",
            "type": "UPLOAD"
        }
    },
    {
        "model": "transaction.workevents",
        "pk": 205,
        "fields": {
            "workitems": 73,
            "from_state": "DRAFT",
            "action": "SUBMIT",
            "subaction": "SIGN_A",
            "to_state": "COMPLETED",
            "interim_state": "COMPLETED",
            "from_party": 52,
            "to_party": 52,
            "event_user": 58,
            "record_datas": null,
            "end": null,
            "is_read": true,
            "final": null,
            "c_final": "YES",
            "comments": "null",
            "created_date": "2022-10-20T06:49:43.142Z",
            "type": "UPLOAD"
        }
    },
    {
        "model": "transaction.workevents",
        "pk": 206,
        "fields": {
            "workitems": 74,
            "from_state": "DRAFT",
            "action": "SUBMIT",
            "subaction": null,
            "to_state": "AWAITING_BUYER_APPROVAL",
            "interim_state": "AWAITING_BUYER_APPROVAL",
            "from_party": 52,
            "to_party": 1,
            "event_user": 58,
            "record_datas": null,
            "end": null,
            "is_read": true,
            "final": "YES",
            "c_final": null,
            "comments": null,
            "created_date": "2022-10-20T06:49:43.189Z",
            "type": "INVOICE"
        }
    },
    {
        "model": "transaction.workevents",
        "pk": 207,
        "fields": {
            "workitems": 74,
            "from_state": "AWAITING_BUYER_APPROVAL",
            "action": "APPROVE",
            "subaction": "MAKER",
            "to_state": "APPROVED_BY_BUYER",
            "interim_state": "AWAITING_SIGN_A",
            "from_party": 1,
            "to_party": 1,
            "event_user": 1,
            "record_datas": null,
            "end": null,
            "is_read": true,
            "final": null,
            "c_final": null,
            "comments": "null",
            "created_date": "2022-10-20T06:53:39.641Z",
            "type": "INVOICE"
        }
    },
    {
        "model": "transaction.workevents",
        "pk": 208,
        "fields": {
            "workitems": 74,
            "from_state": "AWAITING_BUYER_APPROVAL",
            "action": "APPROVE",
            "subaction": "SIGN_A",
            "to_state": "APPROVED_BY_BUYER",
            "interim_state": "AWAITING_SIGN_B",
            "from_party": 1,
            "to_party": 1,
            "event_user": 1,
            "record_datas": null,
            "end": null,
            "is_read": true,
            "final": null,
            "c_final": null,
            "comments": "null",
            "created_date": "2022-10-20T06:54:05.559Z",
            "type": "INVOICE"
        }
    },
    {
        "model": "transaction.workevents",
        "pk": 209,
        "fields": {
            "workitems": 74,
            "from_state": "AWAITING_BUYER_APPROVAL",
            "action": "APPROVE",
            "subaction": "SIGN_B",
            "to_state": "APPROVED_BY_BUYER",
            "interim_state": "APPROVED_BY_BUYER",
            "from_party": 1,
            "to_party": 52,
            "event_user": 1,
            "record_datas": null,
            "end": null,
            "is_read": true,
            "final": "YES",
            "c_final": null,
            "comments": "null",
            "created_date": "2022-10-20T06:54:18.491Z",
            "type": "INVOICE"
        }
    },
    {
        "model": "transaction.workevents",
        "pk": 210,
        "fields": {
            "workitems": 74,
            "from_state": "APPROVED_BY_BUYER",
            "action": "REQUEST_FINANCE",
            "subaction": "MAKER",
            "to_state": "FINANCE_REQUESTED",
            "interim_state": "AWAITING_SIGN_A",
            "from_party": 52,
            "to_party": 52,
            "event_user": 58,
            "record_datas": null,
            "end": null,
            "is_read": true,
            "final": null,
            "c_final": null,
            "comments": "null",
            "created_date": "2022-10-20T06:57:18.889Z",
            "type": "INVOICE"
        }
    },
    {
        "model": "transaction.workevents",
        "pk": 211,
        "fields": {
            "workitems": 74,
            "from_state": "APPROVED_BY_BUYER",
            "action": "REQUEST_FINANCE",
            "subaction": "SIGN_A",
            "to_state": "FINANCE_REQUESTED",
            "interim_state": "FINANCE_REQUESTED",
            "from_party": 52,
            "to_party": 2,
            "event_user": 58,
            "record_datas": null,
            "end": null,
            "is_read": true,
            "final": "YES",
            "c_final": null,
            "comments": "null",
            "created_date": "2022-10-20T06:57:48.202Z",
            "type": "INVOICE"
        }
    },
    {
        "model": "transaction.workevents",
        "pk": 212,
        "fields": {
            "workitems": 74,
            "from_state": "FINANCE_REQUESTED",
            "action": "SAVE",
            "subaction": null,
            "to_state": "FINANCED",
            "interim_state": "AWAITING_SIGN_A",
            "from_party": 2,
            "to_party": 2,
            "event_user": 12,
            "record_datas": null,
            "end": null,
            "is_read": true,
            "final": null,
            "c_final": null,
            "comments": "null",
            "created_date": "2022-10-20T07:03:42.579Z",
            "type": "INVOICE"
        }
    },
    {
        "model": "transaction.workevents",
        "pk": 213,
        "fields": {
            "workitems": 74,
            "from_state": "FINANCE_REQUESTED",
            "action": "SAVE",
            "subaction": null,
            "to_state": "FINANCED",
            "interim_state": "AWAITING_SIGN_B",
            "from_party": 2,
            "to_party": 2,
            "event_user": 12,
            "record_datas": null,
            "end": null,
            "is_read": true,
            "final": null,
            "c_final": null,
            "comments": "null",
            "created_date": "2022-10-20T07:04:00.147Z",
            "type": "INVOICE"
        }
    },
    {
        "model": "transaction.workevents",
        "pk": 214,
        "fields": {
            "workitems": 74,
            "from_state": "FINANCE_REQUESTED",
            "action": "SAVE",
            "subaction": null,
            "to_state": "FINANCED",
            "interim_state": "FINANCED",
            "from_party": 2,
            "to_party": 52,
            "event_user": 12,
            "record_datas": null,
            "end": null,
            "is_read": true,
            "final": "YES",
            "c_final": null,
            "comments": "null",
            "created_date": "2022-10-20T07:04:04.891Z",
            "type": "INVOICE"
        }
    },
    {
        "model": "transaction.workevents",
        "pk": 222,
        "fields": {
            "workitems": 65,
            "from_state": "DRAFT",
            "action": "SAVE",
            "subaction": null,
            "to_state": "COMPLETED",
            "interim_state": "DRAFT",
            "from_party": 54,
            "to_party": 54,
            "event_user": 2,
            "record_datas": null,
            "end": null,
            "is_read": true,
            "final": null,
            "c_final": null,
            "comments": null,
            "created_date": "2022-10-21T08:29:57.183Z",
            "type": "COUNTERPARTY_ONBOARING"
        }
    },
    {
        "model": "transaction.workevents",
        "pk": 223,
        "fields": {
            "workitems": 76,
            "from_state": "DRAFT",
            "action": "SAVE",
            "subaction": null,
            "to_state": "DRAFT",
            "interim_state": "DRAFT",
            "from_party": 58,
            "to_party": 58,
            "event_user": 59,
            "record_datas": {
                "party": "PETRICHOR",
                "margin": "4.00",
                "status": null,
                "comments": "New Buyer Supplier pairing added",
                "is_locked": true,
                "party_type": "BUYER",
                "expiry_date": "2022-12-31",
                "grace_period": 10,
                "program_type": "APF",
                "interest_rate": "None",
                "interest_type": "FIXED",
                "balance_amount": "None",
                "limit_currency": "INR",
                "maximum_amount": "90000.00",
                "maximum_period": "None",
                "minimum_amount": "None",
                "minimum_period": null,
                "financed_amount": "None",
                "finance_currency": null,
                "interest_rate_type": "NULL",
                "total_limit_amount": "100000.00",
                "settlement_currency": "INR",
                "finance_request_type": "AUTOMATIC",
                "max_age_for_repayment": null,
                "max_finance_percentage": "90.00",
                "max_invoice_age_for_funding": 1
            },
            "end": null,
            "is_read": true,
            "final": null,
            "c_final": null,
            "comments": null,
            "created_date": "2022-10-21T09:26:57.982Z",
            "type": "PROGRAM"
        }
    },
    {
        "model": "transaction.workevents",
        "pk": 224,
        "fields": {
            "workitems": 76,
            "from_state": "DRAFT",
            "action": "SUBMIT",
            "subaction": "MAKER",
            "to_state": "AWAITING_APPROVAL",
            "interim_state": "AWAITING_SIGN_A",
            "from_party": 58,
            "to_party": 58,
            "event_user": 59,
            "record_datas": {
                "party": "PETRICHOR",
                "margin": "4.00",
                "status": null,
                "comments": "New Buyer Supplier pairing added",
                "is_locked": true,
                "party_type": "BUYER",
                "expiry_date": "2022-12-31",
                "grace_period": 10,
                "program_type": "APF",
                "interest_rate": "None",
                "interest_type": "FIXED",
                "balance_amount": "None",
                "limit_currency": "INR",
                "maximum_amount": "90000.00",
                "maximum_period": "None",
                "minimum_amount": "None",
                "minimum_period": null,
                "financed_amount": "None",
                "finance_currency": null,
                "interest_rate_type": "NULL",
                "total_limit_amount": "100000.00",
                "settlement_currency": "INR",
                "finance_request_type": "AUTOMATIC",
                "max_age_for_repayment": null,
                "max_finance_percentage": "90.00",
                "max_invoice_age_for_funding": 1
            },
            "end": null,
            "is_read": true,
            "final": null,
            "c_final": null,
            "comments": "null",
            "created_date": "2022-10-21T09:31:35.149Z",
            "type": "PROGRAM"
        }
    },
    {
        "model": "transaction.workevents",
        "pk": 225,
        "fields": {
            "workitems": 70,
            "from_state": "DRAFT",
            "action": "SUBMIT",
            "subaction": "MAKER",
            "to_state": "AWAITING_APPROVAL",
            "interim_state": "AWAITING_SIGN_A",
            "from_party": 1,
            "to_party": 1,
            "event_user": 1,
            "record_datas": {
                "party": "VENZO",
                "margin": "12.00",
                "status": null,
                "comments": "users updated by anand",
                "is_locked": true,
                "party_type": "BUYER",
                "expiry_date": "2022-10-27",
                "grace_period": 1,
                "program_type": "APF",
                "interest_rate": "None",
                "interest_type": "FLOATING",
                "balance_amount": "None",
                "limit_currency": "INR",
                "maximum_amount": "120.00",
                "maximum_period": "None",
                "minimum_amount": "None",
                "minimum_period": null,
                "financed_amount": "None",
                "finance_currency": null,
                "interest_rate_type": "LIBOR",
                "total_limit_amount": "1200.00",
                "settlement_currency": "INR",
                "finance_request_type": "AUTOMATIC",
                "max_age_for_repayment": null,
                "max_finance_percentage": "12.00",
                "max_invoice_age_for_funding": 12
            },
            "end": null,
            "is_read": true,
            "final": null,
            "c_final": null,
            "comments": "null",
            "created_date": "2022-10-21T09:32:06.340Z",
            "type": "PROGRAM"
        }
    },
    {
        "model": "transaction.workevents",
        "pk": 226,
        "fields": {
            "workitems": 78,
            "from_state": "DRAFT",
            "action": "SAVE",
            "subaction": null,
            "to_state": "COMPLETED",
            "interim_state": "DRAFT",
            "from_party": 61,
            "to_party": 61,
            "event_user": 62,
            "record_datas": null,
            "end": null,
            "is_read": true,
            "final": null,
            "c_final": null,
            "comments": null,
            "created_date": "2022-10-21T09:32:53.012Z",
            "type": "COUNTERPARTY_ONBOARING"
        }
    },
    {
        "model": "transaction.workevents",
        "pk": 227,
        "fields": {
            "workitems": 78,
            "from_state": "DRAFT",
            "action": "SAVE",
            "subaction": null,
            "to_state": "COMPLETED",
            "interim_state": "SENT TO BANK",
            "from_party": 61,
            "to_party": 2,
            "event_user": 62,
            "record_datas": null,
            "end": null,
            "is_read": true,
            "final": "YES",
            "c_final": null,
            "comments": null,
            "created_date": "2022-10-21T09:32:56.304Z",
            "type": "COUNTERPARTY_ONBOARING"
        }
    },
    {
        "model": "transaction.workevents",
        "pk": 228,
        "fields": {
            "workitems": 78,
            "from_state": "SENT TO BANK",
            "action": "SAVE",
            "subaction": null,
            "to_state": "COMPLETED",
            "interim_state": "COMPLETED",
            "from_party": 2,
            "to_party": 61,
            "event_user": 12,
            "record_datas": null,
            "end": null,
            "is_read": true,
            "final": null,
            "c_final": null,
            "comments": null,
            "created_date": "2022-10-21T09:36:00.331Z",
            "type": "COUNTERPARTY_ONBOARING"
        }
    },
    {
        "model": "transaction.workevents",
        "pk": 229,
        "fields": {
            "workitems": 79,
            "from_state": "DRAFT",
            "action": "SAVE",
            "subaction": null,
            "to_state": "DRAFT",
            "interim_state": "DRAFT",
            "from_party": 61,
            "to_party": 61,
            "event_user": 62,
            "record_datas": null,
            "end": null,
            "is_read": true,
            "final": null,
            "c_final": null,
            "comments": null,
            "created_date": "2022-10-21T09:37:06.245Z",
            "type": "UPLOAD"
        }
    },
    {
        "model": "transaction.workevents",
        "pk": 230,
        "fields": {
            "workitems": 80,
            "from_state": "DRAFT",
            "action": "SAVE",
            "subaction": null,
            "to_state": "DRAFT",
            "interim_state": "DRAFT",
            "from_party": 61,
            "to_party": 61,
            "event_user": 62,
            "record_datas": null,
            "end": null,
            "is_read": true,
            "final": null,
            "c_final": null,
            "comments": null,
            "created_date": "2022-10-21T09:51:27.680Z",
            "type": "UPLOAD"
        }
    },
    {
        "model": "transaction.workevents",
        "pk": 231,
        "fields": {
            "workitems": 81,
            "from_state": "DRAFT",
            "action": "SAVE",
            "subaction": null,
            "to_state": "DRAFT",
            "interim_state": "DRAFT",
            "from_party": 61,
            "to_party": 61,
            "event_user": 62,
            "record_datas": null,
            "end": null,
            "is_read": true,
            "final": null,
            "c_final": null,
            "comments": null,
            "created_date": "2022-10-21T09:52:01.978Z",
            "type": "UPLOAD"
        }
    },
    {
        "model": "transaction.workevents",
        "pk": 232,
        "fields": {
            "workitems": 82,
            "from_state": "DRAFT",
            "action": "SAVE",
            "subaction": null,
            "to_state": "DRAFT",
            "interim_state": "DRAFT",
            "from_party": 61,
            "to_party": 61,
            "event_user": 62,
            "record_datas": null,
            "end": null,
            "is_read": true,
            "final": null,
            "c_final": null,
            "comments": null,
            "created_date": "2022-10-21T09:53:33.947Z",
            "type": "UPLOAD"
        }
    },
    {
        "model": "transaction.workevents",
        "pk": 233,
        "fields": {
            "workitems": 82,
            "from_state": "DRAFT",
            "action": "SUBMIT",
            "subaction": "MAKER",
            "to_state": "COMPLETED",
            "interim_state": "AWAITING_SIGN_A",
            "from_party": 61,
            "to_party": 61,
            "event_user": 62,
            "record_datas": null,
            "end": null,
            "is_read": true,
            "final": null,
            "c_final": null,
            "comments": "null",
            "created_date": "2022-10-21T09:53:34.480Z",
            "type": "UPLOAD"
        }
    },
    {
        "model": "transaction.workevents",
        "pk": 234,
        "fields": {
            "workitems": 82,
            "from_state": "DRAFT",
            "action": "SUBMIT",
            "subaction": "SIGN_A",
            "to_state": "COMPLETED",
            "interim_state": "COMPLETED",
            "from_party": 61,
            "to_party": 61,
            "event_user": 62,
            "record_datas": null,
            "end": null,
            "is_read": true,
            "final": null,
            "c_final": "YES",
            "comments": "null",
            "created_date": "2022-10-21T09:54:20.866Z",
            "type": "UPLOAD"
        }
    },
    {
        "model": "transaction.workevents",
        "pk": 235,
        "fields": {
            "workitems": 83,
            "from_state": "DRAFT",
            "action": "SUBMIT",
            "subaction": null,
            "to_state": "AWAITING_BUYER_APPROVAL",
            "interim_state": "AWAITING_BUYER_APPROVAL",
            "from_party": 61,
            "to_party": 1,
            "event_user": 62,
            "record_datas": null,
            "end": null,
            "is_read": true,
            "final": "YES",
            "c_final": null,
            "comments": null,
            "created_date": "2022-10-21T09:54:20.925Z",
            "type": "INVOICE"
        }
    },
    {
        "model": "transaction.workevents",
        "pk": 236,
        "fields": {
            "workitems": 64,
            "from_state": "AWAITING_APPROVAL",
            "action": "APPROVE",
            "subaction": "MAKER",
            "to_state": "APPROVED",
            "interim_state": "AWAITING_SIGN_A",
            "from_party": 2,
            "to_party": 2,
            "event_user": 12,
            "record_datas": {
                "party": "VENZO_3",
                "margin": "7.00",
                "status": null,
                "comments": "comment",
                "is_locked": true,
                "party_type": "BUYER",
                "expiry_date": "2022-11-30",
                "grace_period": 7,
                "program_type": "APF",
                "interest_rate": "None",
                "interest_type": "FIXED",
                "balance_amount": "None",
                "limit_currency": "USD",
                "maximum_amount": "25000.00",
                "maximum_period": "None",
                "minimum_amount": "None",
                "minimum_period": null,
                "financed_amount": "None",
                "finance_currency": null,
                "interest_rate_type": "NULL",
                "total_limit_amount": "50000.00",
                "settlement_currency": "USD",
                "finance_request_type": "AUTOMATIC",
                "max_age_for_repayment": null,
                "max_finance_percentage": "85.00",
                "max_invoice_age_for_funding": 90
            },
            "end": null,
            "is_read": true,
            "final": null,
            "c_final": null,
            "comments": "null",
            "created_date": "2022-10-21T09:57:44.808Z",
            "type": "PROGRAM"
        }
    },
    {
        "model": "transaction.workevents",
        "pk": 237,
        "fields": {
            "workitems": 64,
            "from_state": "AWAITING_APPROVAL",
            "action": "APPROVE",
            "subaction": "SIGN_A",
            "to_state": "APPROVED",
            "interim_state": "AWAITING_SIGN_B",
            "from_party": 2,
            "to_party": 2,
            "event_user": 12,
            "record_datas": {
                "party": "VENZO_3",
                "margin": "7.00",
                "status": null,
                "comments": "comment",
                "is_locked": true,
                "party_type": "BUYER",
                "expiry_date": "2022-11-30",
                "grace_period": 7,
                "program_type": "APF",
                "interest_rate": "None",
                "interest_type": "FIXED",
                "balance_amount": "None",
                "limit_currency": "USD",
                "maximum_amount": "25000.00",
                "maximum_period": "None",
                "minimum_amount": "None",
                "minimum_period": null,
                "financed_amount": "None",
                "finance_currency": null,
                "interest_rate_type": "NULL",
                "total_limit_amount": "50000.00",
                "settlement_currency": "USD",
                "finance_request_type": "AUTOMATIC",
                "max_age_for_repayment": null,
                "max_finance_percentage": "85.00",
                "max_invoice_age_for_funding": 90
            },
            "end": null,
            "is_read": true,
            "final": null,
            "c_final": null,
            "comments": "null",
            "created_date": "2022-10-21T09:57:50.329Z",
            "type": "PROGRAM"
        }
    },
    {
        "model": "transaction.workevents",
        "pk": 238,
        "fields": {
            "workitems": 64,
            "from_state": "AWAITING_APPROVAL",
            "action": "APPROVE",
            "subaction": "SIGN_B",
            "to_state": "APPROVED",
            "interim_state": "APPROVED",
            "from_party": 2,
            "to_party": 11,
            "event_user": 12,
            "record_datas": {
                "party": "VENZO_3",
                "margin": "7.00",
                "status": null,
                "comments": "comment",
                "is_locked": false,
                "party_type": "BUYER",
                "expiry_date": "2022-11-30",
                "grace_period": 7,
                "program_type": "APF",
                "interest_rate": "None",
                "interest_type": "FIXED",
                "balance_amount": "None",
                "limit_currency": "USD",
                "maximum_amount": "25000.00",
                "maximum_period": "None",
                "minimum_amount": "None",
                "minimum_period": null,
                "financed_amount": "None",
                "finance_currency": null,
                "interest_rate_type": "NULL",
                "total_limit_amount": "50000.00",
                "settlement_currency": "USD",
                "finance_request_type": "AUTOMATIC",
                "max_age_for_repayment": null,
                "max_finance_percentage": "85.00",
                "max_invoice_age_for_funding": 90
            },
            "end": null,
            "is_read": true,
            "final": "YES",
            "c_final": "YES",
            "comments": "null",
            "created_date": "2022-10-21T09:57:57.724Z",
            "type": "PROGRAM"
        }
    },
    {
        "model": "transaction.workevents",
        "pk": 239,
        "fields": {
            "workitems": 83,
            "from_state": "AWAITING_BUYER_APPROVAL",
            "action": "APPROVE",
            "subaction": "MAKER",
            "to_state": "APPROVED_BY_BUYER",
            "interim_state": "AWAITING_SIGN_A",
            "from_party": 1,
            "to_party": 1,
            "event_user": 1,
            "record_datas": null,
            "end": null,
            "is_read": true,
            "final": null,
            "c_final": null,
            "comments": "null",
            "created_date": "2022-10-21T10:17:44.850Z",
            "type": "INVOICE"
        }
    },
    {
        "model": "transaction.workevents",
        "pk": 240,
        "fields": {
            "workitems": 83,
            "from_state": "AWAITING_BUYER_APPROVAL",
            "action": "APPROVE",
            "subaction": "SIGN_A",
            "to_state": "APPROVED_BY_BUYER",
            "interim_state": "AWAITING_SIGN_B",
            "from_party": 1,
            "to_party": 1,
            "event_user": 1,
            "record_datas": null,
            "end": null,
            "is_read": true,
            "final": null,
            "c_final": null,
            "comments": "null",
            "created_date": "2022-10-21T10:18:19.756Z",
            "type": "INVOICE"
        }
    },
    {
        "model": "transaction.workevents",
        "pk": 241,
        "fields": {
            "workitems": 83,
            "from_state": "AWAITING_BUYER_APPROVAL",
            "action": "APPROVE",
            "subaction": "SIGN_B",
            "to_state": "APPROVED_BY_BUYER",
            "interim_state": "APPROVED_BY_BUYER",
            "from_party": 1,
            "to_party": 61,
            "event_user": 1,
            "record_datas": null,
            "end": null,
            "is_read": true,
            "final": "YES",
            "c_final": null,
            "comments": "null",
            "created_date": "2022-10-21T10:18:24.813Z",
            "type": "INVOICE"
        }
    },
    {
        "model": "transaction.workevents",
        "pk": 242,
        "fields": {
            "workitems": 83,
            "from_state": "APPROVED_BY_BUYER",
            "action": "REQUEST_FINANCE",
            "subaction": "MAKER",
            "to_state": "FINANCE_REQUESTED",
            "interim_state": "AWAITING_SIGN_A",
            "from_party": 61,
            "to_party": 61,
            "event_user": 62,
            "record_datas": null,
            "end": null,
            "is_read": true,
            "final": null,
            "c_final": null,
            "comments": "null",
            "created_date": "2022-10-21T10:18:50.494Z",
            "type": "INVOICE"
        }
    },
    {
        "model": "transaction.workevents",
        "pk": 243,
        "fields": {
            "workitems": 83,
            "from_state": "APPROVED_BY_BUYER",
            "action": "REQUEST_FINANCE",
            "subaction": "SIGN_A",
            "to_state": "FINANCE_REQUESTED",
            "interim_state": "FINANCE_REQUESTED",
            "from_party": 61,
            "to_party": 2,
            "event_user": 62,
            "record_datas": null,
            "end": null,
            "is_read": true,
            "final": "YES",
            "c_final": null,
            "comments": "null",
            "created_date": "2022-10-21T10:18:54.072Z",
            "type": "INVOICE"
        }
    },
    {
        "model": "transaction.workevents",
        "pk": 244,
        "fields": {
            "workitems": 83,
            "from_state": "FINANCE_REQUESTED",
            "action": "SAVE",
            "subaction": null,
            "to_state": "FINANCED",
            "interim_state": "AWAITING_SIGN_A",
            "from_party": 2,
            "to_party": 2,
            "event_user": 12,
            "record_datas": null,
            "end": null,
            "is_read": true,
            "final": null,
            "c_final": null,
            "comments": "null",
            "created_date": "2022-10-21T10:20:09.171Z",
            "type": "INVOICE"
        }
    },
    {
        "model": "transaction.workevents",
        "pk": 245,
        "fields": {
            "workitems": 83,
            "from_state": "FINANCE_REQUESTED",
            "action": "SAVE",
            "subaction": null,
            "to_state": "FINANCED",
            "interim_state": "AWAITING_SIGN_B",
            "from_party": 2,
            "to_party": 2,
            "event_user": 12,
            "record_datas": null,
            "end": null,
            "is_read": true,
            "final": null,
            "c_final": null,
            "comments": "null",
            "created_date": "2022-10-21T10:20:13.836Z",
            "type": "INVOICE"
        }
    },
    {
        "model": "transaction.workevents",
        "pk": 246,
        "fields": {
            "workitems": 76,
            "from_state": "DRAFT",
            "action": "SUBMIT",
            "subaction": "MAKER",
            "to_state": "AWAITING_APPROVAL",
            "interim_state": "AWAITING_SIGN_A",
            "from_party": 58,
            "to_party": 58,
            "event_user": 59,
            "record_datas": {
                "party": "PETRICHOR",
                "margin": "4.00",
                "status": null,
                "comments": "New Buyer Supplier pairing added",
                "is_locked": true,
                "party_type": "BUYER",
                "expiry_date": "2022-10-21",
                "grace_period": 10,
                "program_type": "APF",
                "interest_rate": "None",
                "interest_type": "FIXED",
                "balance_amount": "None",
                "limit_currency": "INR",
                "maximum_amount": "90000.00",
                "maximum_period": "None",
                "minimum_amount": "None",
                "minimum_period": null,
                "financed_amount": "None",
                "finance_currency": null,
                "interest_rate_type": "NULL",
                "total_limit_amount": "100000.00",
                "settlement_currency": "INR",
                "finance_request_type": "AUTOMATIC",
                "max_age_for_repayment": null,
                "max_finance_percentage": "90.00",
                "max_invoice_age_for_funding": 1
            },
            "end": null,
            "is_read": true,
            "final": null,
            "c_final": null,
            "comments": "null",
            "created_date": "2022-10-21T10:27:39.454Z",
            "type": "PROGRAM"
        }
    },
    {
        "model": "transaction.workevents",
        "pk": 247,
        "fields": {
            "workitems": 76,
            "from_state": "DRAFT",
            "action": "SUBMIT",
            "subaction": "SIGN_A",
            "to_state": "AWAITING_APPROVAL",
            "interim_state": "AWAITING_SIGN_B",
            "from_party": 58,
            "to_party": 58,
            "event_user": 59,
            "record_datas": {
                "party": "PETRICHOR",
                "margin": "4.00",
                "status": null,
                "comments": "New Buyer Supplier pairing added",
                "is_locked": true,
                "party_type": "BUYER",
                "expiry_date": "2022-10-21",
                "grace_period": 10,
                "program_type": "APF",
                "interest_rate": "None",
                "interest_type": "FIXED",
                "balance_amount": "None",
                "limit_currency": "INR",
                "maximum_amount": "90000.00",
                "maximum_period": "None",
                "minimum_amount": "None",
                "minimum_period": null,
                "financed_amount": "None",
                "finance_currency": null,
                "interest_rate_type": "NULL",
                "total_limit_amount": "100000.00",
                "settlement_currency": "INR",
                "finance_request_type": "AUTOMATIC",
                "max_age_for_repayment": null,
                "max_finance_percentage": "90.00",
                "max_invoice_age_for_funding": 1
            },
            "end": null,
            "is_read": true,
            "final": null,
            "c_final": null,
            "comments": "null",
            "created_date": "2022-10-21T10:29:39.465Z",
            "type": "PROGRAM"
        }
    },
    {
        "model": "transaction.workevents",
        "pk": 248,
        "fields": {
            "workitems": 76,
            "from_state": "DRAFT",
            "action": "SUBMIT",
            "subaction": "SIGN_B",
            "to_state": "AWAITING_APPROVAL",
            "interim_state": "AWAITING_APPROVAL",
            "from_party": 58,
            "to_party": 2,
            "event_user": 59,
            "record_datas": {
                "party": "PETRICHOR",
                "margin": "4.00",
                "status": null,
                "comments": "New Buyer Supplier pairing added",
                "is_locked": true,
                "party_type": "BUYER",
                "expiry_date": "2022-10-21",
                "grace_period": 10,
                "program_type": "APF",
                "interest_rate": "None",
                "interest_type": "FIXED",
                "balance_amount": "None",
                "limit_currency": "INR",
                "maximum_amount": "90000.00",
                "maximum_period": "None",
                "minimum_amount": "None",
                "minimum_period": null,
                "financed_amount": "None",
                "finance_currency": null,
                "interest_rate_type": "NULL",
                "total_limit_amount": "100000.00",
                "settlement_currency": "INR",
                "finance_request_type": "AUTOMATIC",
                "max_age_for_repayment": null,
                "max_finance_percentage": "90.00",
                "max_invoice_age_for_funding": 1
            },
            "end": null,
            "is_read": true,
            "final": "YES",
            "c_final": null,
            "comments": "null",
            "created_date": "2022-10-21T10:29:43.315Z",
            "type": "PROGRAM"
        }
    },
    {
        "model": "transaction.workevents",
        "pk": 249,
        "fields": {
            "workitems": 76,
            "from_state": "AWAITING_APPROVAL",
            "action": "APPROVE",
            "subaction": "MAKER",
            "to_state": "APPROVED",
            "interim_state": "AWAITING_SIGN_A",
            "from_party": 2,
            "to_party": 2,
            "event_user": 12,
            "record_datas": {
                "party": "PETRICHOR",
                "margin": "4.00",
                "status": null,
                "comments": "New Buyer Supplier pairing added",
                "is_locked": true,
                "party_type": "BUYER",
                "expiry_date": "2022-10-21",
                "grace_period": 10,
                "program_type": "APF",
                "interest_rate": "None",
                "interest_type": "FIXED",
                "balance_amount": "None",
                "limit_currency": "INR",
                "maximum_amount": "90000.00",
                "maximum_period": "None",
                "minimum_amount": "None",
                "minimum_period": null,
                "financed_amount": "None",
                "finance_currency": null,
                "interest_rate_type": "NULL",
                "total_limit_amount": "100000.00",
                "settlement_currency": "INR",
                "finance_request_type": "AUTOMATIC",
                "max_age_for_repayment": null,
                "max_finance_percentage": "90.00",
                "max_invoice_age_for_funding": 1
            },
            "end": null,
            "is_read": true,
            "final": null,
            "c_final": null,
            "comments": "null",
            "created_date": "2022-10-21T10:30:46.619Z",
            "type": "PROGRAM"
        }
    },
    {
        "model": "transaction.workevents",
        "pk": 250,
        "fields": {
            "workitems": 76,
            "from_state": "AWAITING_APPROVAL",
            "action": "APPROVE",
            "subaction": "SIGN_A",
            "to_state": "APPROVED",
            "interim_state": "AWAITING_SIGN_B",
            "from_party": 2,
            "to_party": 2,
            "event_user": 12,
            "record_datas": {
                "party": "PETRICHOR",
                "margin": "4.00",
                "status": null,
                "comments": "New Buyer Supplier pairing added",
                "is_locked": true,
                "party_type": "BUYER",
                "expiry_date": "2022-10-21",
                "grace_period": 10,
                "program_type": "APF",
                "interest_rate": "None",
                "interest_type": "FIXED",
                "balance_amount": "None",
                "limit_currency": "INR",
                "maximum_amount": "90000.00",
                "maximum_period": "None",
                "minimum_amount": "None",
                "minimum_period": null,
                "financed_amount": "None",
                "finance_currency": null,
                "interest_rate_type": "NULL",
                "total_limit_amount": "100000.00",
                "settlement_currency": "INR",
                "finance_request_type": "AUTOMATIC",
                "max_age_for_repayment": null,
                "max_finance_percentage": "90.00",
                "max_invoice_age_for_funding": 1
            },
            "end": null,
            "is_read": true,
            "final": null,
            "c_final": null,
            "comments": "null",
            "created_date": "2022-10-21T10:30:50.471Z",
            "type": "PROGRAM"
        }
    },
    {
        "model": "transaction.workevents",
        "pk": 251,
        "fields": {
            "workitems": 76,
            "from_state": "AWAITING_APPROVAL",
            "action": "APPROVE",
            "subaction": "SIGN_B",
            "to_state": "APPROVED",
            "interim_state": "APPROVED",
            "from_party": 2,
            "to_party": 58,
            "event_user": 12,
            "record_datas": {
                "party": "PETRICHOR",
                "margin": "4.00",
                "status": null,
                "comments": "New Buyer Supplier pairing added",
                "is_locked": false,
                "party_type": "BUYER",
                "expiry_date": "2022-10-21",
                "grace_period": 10,
                "program_type": "APF",
                "interest_rate": "None",
                "interest_type": "FIXED",
                "balance_amount": "None",
                "limit_currency": "INR",
                "maximum_amount": "90000.00",
                "maximum_period": "None",
                "minimum_amount": "None",
                "minimum_period": null,
                "financed_amount": "None",
                "finance_currency": null,
                "interest_rate_type": "NULL",
                "total_limit_amount": "100000.00",
                "settlement_currency": "INR",
                "finance_request_type": "AUTOMATIC",
                "max_age_for_repayment": null,
                "max_finance_percentage": "90.00",
                "max_invoice_age_for_funding": 1
            },
            "end": null,
            "is_read": true,
            "final": "YES",
            "c_final": "YES",
            "comments": "null",
            "created_date": "2022-10-21T10:30:53.467Z",
            "type": "PROGRAM"
        }
    },
    {
        "model": "transaction.workevents",
        "pk": 252,
        "fields": {
            "workitems": 77,
            "from_state": "DRAFT",
            "action": "SAVE",
            "subaction": null,
            "to_state": "COMPLETED",
            "interim_state": "DRAFT",
            "from_party": 60,
            "to_party": 60,
            "event_user": 61,
            "record_datas": null,
            "end": null,
            "is_read": true,
            "final": null,
            "c_final": null,
            "comments": null,
            "created_date": "2022-10-21T11:38:59.642Z",
            "type": "COUNTERPARTY_ONBOARING"
        }
    },
    {
        "model": "transaction.workevents",
        "pk": 267,
        "fields": {
            "workitems": 100,
            "from_state": "DRAFT",
            "action": "SAVE",
            "subaction": null,
            "to_state": "DRAFT",
            "interim_state": "DRAFT",
            "from_party": 60,
            "to_party": 60,
            "event_user": 61,
            "record_datas": null,
            "end": null,
            "is_read": true,
            "final": null,
            "c_final": null,
            "comments": null,
            "created_date": "2022-10-21T11:48:27.955Z",
            "type": "UPLOAD"
        }
    },
    {
        "model": "transaction.workevents",
        "pk": 269,
        "fields": {
            "workitems": 100,
            "from_state": "DRAFT",
            "action": "SUBMIT",
            "subaction": "MAKER",
            "to_state": "COMPLETED",
            "interim_state": "AWAITING_SIGN_A",
            "from_party": 60,
            "to_party": 60,
            "event_user": 61,
            "record_datas": null,
            "end": null,
            "is_read": true,
            "final": null,
            "c_final": null,
            "comments": "null",
            "created_date": "2022-10-21T11:59:57.862Z",
            "type": "UPLOAD"
        }
    },
    {
        "model": "transaction.workevents",
        "pk": 270,
        "fields": {
            "workitems": 100,
            "from_state": "DRAFT",
            "action": "SUBMIT",
            "subaction": "SIGN_A",
            "to_state": "COMPLETED",
            "interim_state": "AWAITING_SIGN_B",
            "from_party": 60,
            "to_party": 60,
            "event_user": 61,
            "record_datas": null,
            "end": null,
            "is_read": true,
            "final": null,
            "c_final": null,
            "comments": "null",
            "created_date": "2022-10-21T12:00:16.910Z",
            "type": "UPLOAD"
        }
    },
    {
        "model": "transaction.workevents",
        "pk": 271,
        "fields": {
            "workitems": 100,
            "from_state": "DRAFT",
            "action": "SUBMIT",
            "subaction": "SIGN_B",
            "to_state": "COMPLETED",
            "interim_state": "AWAITING_SIGN_C",
            "from_party": 60,
            "to_party": 60,
            "event_user": 61,
            "record_datas": null,
            "end": null,
            "is_read": true,
            "final": null,
            "c_final": null,
            "comments": "null",
            "created_date": "2022-10-21T12:00:19.876Z",
            "type": "UPLOAD"
        }
    },
    {
        "model": "transaction.workevents",
        "pk": 272,
        "fields": {
            "workitems": 100,
            "from_state": "DRAFT",
            "action": "SUBMIT",
            "subaction": "SIGN_C",
            "to_state": "COMPLETED",
            "interim_state": "COMPLETED",
            "from_party": 60,
            "to_party": 60,
            "event_user": 61,
            "record_datas": null,
            "end": null,
            "is_read": true,
            "final": null,
            "c_final": "YES",
            "comments": "null",
            "created_date": "2022-10-21T12:00:22.389Z",
            "type": "UPLOAD"
        }
    },
    {
        "model": "transaction.workevents",
        "pk": 273,
        "fields": {
            "workitems": 101,
            "from_state": "DRAFT",
            "action": "SUBMIT",
            "subaction": null,
            "to_state": "AWAITING_BUYER_APPROVAL",
            "interim_state": "AWAITING_BUYER_APPROVAL",
            "from_party": 60,
            "to_party": 58,
            "event_user": 61,
            "record_datas": null,
            "end": null,
            "is_read": true,
            "final": "YES",
            "c_final": null,
            "comments": null,
            "created_date": "2022-10-21T12:00:22.424Z",
            "type": "INVOICE"
        }
    },
    {
        "model": "transaction.workevents",
        "pk": 274,
        "fields": {
            "workitems": 102,
            "from_state": "DRAFT",
            "action": "SAVE",
            "subaction": null,
            "to_state": "DRAFT",
            "interim_state": "DRAFT",
            "from_party": 60,
            "to_party": 60,
            "event_user": 61,
            "record_datas": null,
            "end": null,
            "is_read": true,
            "final": null,
            "c_final": null,
            "comments": null,
            "created_date": "2022-10-21T12:08:21.745Z",
            "type": "UPLOAD"
        }
    },
    {
        "model": "transaction.workevents",
        "pk": 275,
        "fields": {
            "workitems": 102,
            "from_state": "DRAFT",
            "action": "SUBMIT",
            "subaction": "MAKER",
            "to_state": "COMPLETED",
            "interim_state": "AWAITING_SIGN_A",
            "from_party": 60,
            "to_party": 60,
            "event_user": 61,
            "record_datas": null,
            "end": null,
            "is_read": true,
            "final": null,
            "c_final": null,
            "comments": "null",
            "created_date": "2022-10-21T12:08:22.284Z",
            "type": "UPLOAD"
        }
    },
    {
        "model": "transaction.workevents",
        "pk": 276,
        "fields": {
            "workitems": 102,
            "from_state": "DRAFT",
            "action": "SUBMIT",
            "subaction": "SIGN_A",
            "to_state": "COMPLETED",
            "interim_state": "AWAITING_SIGN_B",
            "from_party": 60,
            "to_party": 60,
            "event_user": 61,
            "record_datas": null,
            "end": null,
            "is_read": true,
            "final": null,
            "c_final": null,
            "comments": "null",
            "created_date": "2022-10-21T12:08:38.969Z",
            "type": "UPLOAD"
        }
    },
    {
        "model": "transaction.workevents",
        "pk": 277,
        "fields": {
            "workitems": 102,
            "from_state": "DRAFT",
            "action": "SUBMIT",
            "subaction": "SIGN_B",
            "to_state": "COMPLETED",
            "interim_state": "AWAITING_SIGN_C",
            "from_party": 60,
            "to_party": 60,
            "event_user": 61,
            "record_datas": null,
            "end": null,
            "is_read": true,
            "final": null,
            "c_final": null,
            "comments": "null",
            "created_date": "2022-10-21T12:08:44.066Z",
            "type": "UPLOAD"
        }
    },
    {
        "model": "transaction.workevents",
        "pk": 278,
        "fields": {
            "workitems": 102,
            "from_state": "DRAFT",
            "action": "SUBMIT",
            "subaction": "SIGN_C",
            "to_state": "COMPLETED",
            "interim_state": "COMPLETED",
            "from_party": 60,
            "to_party": 60,
            "event_user": 61,
            "record_datas": null,
            "end": null,
            "is_read": true,
            "final": null,
            "c_final": "YES",
            "comments": "null",
            "created_date": "2022-10-21T12:08:47.951Z",
            "type": "UPLOAD"
        }
    },
    {
        "model": "transaction.workevents",
        "pk": 279,
        "fields": {
            "workitems": 103,
            "from_state": "DRAFT",
            "action": "SUBMIT",
            "subaction": null,
            "to_state": "AWAITING_BUYER_APPROVAL",
            "interim_state": "AWAITING_BUYER_APPROVAL",
            "from_party": 60,
            "to_party": 58,
            "event_user": 61,
            "record_datas": null,
            "end": null,
            "is_read": true,
            "final": "YES",
            "c_final": null,
            "comments": null,
            "created_date": "2022-10-21T12:08:47.982Z",
            "type": "INVOICE"
        }
    },
    {
        "model": "transaction.workevents",
        "pk": 280,
        "fields": {
            "workitems": 101,
            "from_state": "AWAITING_BUYER_APPROVAL",
            "action": "REJECT",
            "subaction": "MAKER",
            "to_state": "REJECTED_BY_BUYER",
            "interim_state": "AWAITING_SIGN_A",
            "from_party": 58,
            "to_party": 58,
            "event_user": 59,
            "record_datas": null,
            "end": null,
            "is_read": true,
            "final": null,
            "c_final": null,
            "comments": "null",
            "created_date": "2022-10-21T12:19:08.721Z",
            "type": "INVOICE"
        }
    },
    {
        "model": "transaction.workevents",
        "pk": 281,
        "fields": {
            "workitems": 101,
            "from_state": "AWAITING_SIGN_A",
            "action": "REJECT",
            "subaction": "SIGN_A",
            "to_state": "REJECTED_BY_BUYER",
            "interim_state": "REJECTED_BY_BUYER",
            "from_party": 58,
            "to_party": 60,
            "event_user": 59,
            "record_datas": null,
            "end": null,
            "is_read": true,
            "final": "YES",
            "c_final": null,
            "comments": "null",
            "created_date": "2022-10-21T12:19:36.284Z",
            "type": "INVOICE"
        }
    },
    {
        "model": "transaction.workevents",
        "pk": 282,
        "fields": {
            "workitems": 103,
            "from_state": "AWAITING_BUYER_APPROVAL",
            "action": "APPROVE",
            "subaction": "MAKER",
            "to_state": "APPROVED_BY_BUYER",
            "interim_state": "AWAITING_SIGN_A",
            "from_party": 58,
            "to_party": 58,
            "event_user": 59,
            "record_datas": null,
            "end": null,
            "is_read": true,
            "final": null,
            "c_final": null,
            "comments": "null",
            "created_date": "2022-10-21T12:23:01.286Z",
            "type": "INVOICE"
        }
    },
    {
        "model": "transaction.workevents",
        "pk": 283,
        "fields": {
            "workitems": 103,
            "from_state": "AWAITING_BUYER_APPROVAL",
            "action": "APPROVE",
            "subaction": "SIGN_A",
            "to_state": "APPROVED_BY_BUYER",
            "interim_state": "AWAITING_SIGN_B",
            "from_party": 58,
            "to_party": 58,
            "event_user": 59,
            "record_datas": null,
            "end": null,
            "is_read": true,
            "final": null,
            "c_final": null,
            "comments": "null",
            "created_date": "2022-10-21T12:23:04.971Z",
            "type": "INVOICE"
        }
    },
    {
        "model": "transaction.workevents",
        "pk": 284,
        "fields": {
            "workitems": 103,
            "from_state": "AWAITING_BUYER_APPROVAL",
            "action": "APPROVE",
            "subaction": "SIGN_B",
            "to_state": "APPROVED_BY_BUYER",
            "interim_state": "APPROVED_BY_BUYER",
            "from_party": 58,
            "to_party": 60,
            "event_user": 59,
            "record_datas": null,
            "end": null,
            "is_read": true,
            "final": "YES",
            "c_final": null,
            "comments": "null",
            "created_date": "2022-10-21T12:23:08.077Z",
            "type": "INVOICE"
        }
    },
    {
        "model": "transaction.workevents",
        "pk": 285,
        "fields": {
            "workitems": 103,
            "from_state": "APPROVED_BY_BUYER",
            "action": "REQUEST_FINANCE",
            "subaction": "MAKER",
            "to_state": "FINANCE_REQUESTED",
            "interim_state": "AWAITING_SIGN_A",
            "from_party": 60,
            "to_party": 60,
            "event_user": 61,
            "record_datas": null,
            "end": null,
            "is_read": true,
            "final": null,
            "c_final": null,
            "comments": "null",
            "created_date": "2022-10-21T12:34:22.864Z",
            "type": "INVOICE"
        }
    },
    {
        "model": "transaction.workevents",
        "pk": 286,
        "fields": {
            "workitems": 103,
            "from_state": "APPROVED_BY_BUYER",
            "action": "REQUEST_FINANCE",
            "subaction": "SIGN_A",
            "to_state": "FINANCE_REQUESTED",
            "interim_state": "AWAITING_SIGN_B",
            "from_party": 60,
            "to_party": 60,
            "event_user": 61,
            "record_datas": null,
            "end": null,
            "is_read": true,
            "final": null,
            "c_final": null,
            "comments": "null",
            "created_date": "2022-10-21T12:35:26.716Z",
            "type": "INVOICE"
        }
    },
    {
        "model": "transaction.workevents",
        "pk": 287,
        "fields": {
            "workitems": 103,
            "from_state": "APPROVED_BY_BUYER",
            "action": "REQUEST_FINANCE",
            "subaction": "SIGN_B",
            "to_state": "FINANCE_REQUESTED",
            "interim_state": "AWAITING_SIGN_C",
            "from_party": 60,
            "to_party": 60,
            "event_user": 61,
            "record_datas": null,
            "end": null,
            "is_read": true,
            "final": null,
            "c_final": null,
            "comments": "null",
            "created_date": "2022-10-21T12:35:29.483Z",
            "type": "INVOICE"
        }
    },
    {
        "model": "transaction.workevents",
        "pk": 288,
        "fields": {
            "workitems": 103,
            "from_state": "APPROVED_BY_BUYER",
            "action": "REQUEST_FINANCE",
            "subaction": "SIGN_C",
            "to_state": "FINANCE_REQUESTED",
            "interim_state": "FINANCE_REQUESTED",
            "from_party": 60,
            "to_party": 2,
            "event_user": 61,
            "record_datas": null,
            "end": null,
            "is_read": true,
            "final": "YES",
            "c_final": null,
            "comments": "null",
            "created_date": "2022-10-21T12:35:32.422Z",
            "type": "INVOICE"
        }
    },
    {
        "model": "transaction.workevents",
        "pk": 289,
        "fields": {
            "workitems": 103,
            "from_state": "FINANCE_REQUESTED",
            "action": "SAVE",
            "subaction": null,
            "to_state": "FINANCED",
            "interim_state": "AWAITING_SIGN_A",
            "from_party": 2,
            "to_party": 2,
            "event_user": 12,
            "record_datas": null,
            "end": null,
            "is_read": true,
            "final": null,
            "c_final": null,
            "comments": "null",
            "created_date": "2022-10-21T12:37:27.543Z",
            "type": "INVOICE"
        }
    },
    {
        "model": "transaction.workevents",
        "pk": 290,
        "fields": {
            "workitems": 103,
            "from_state": "FINANCE_REQUESTED",
            "action": "SAVE",
            "subaction": null,
            "to_state": "FINANCED",
            "interim_state": "AWAITING_SIGN_B",
            "from_party": 2,
            "to_party": 2,
            "event_user": 12,
            "record_datas": null,
            "end": null,
            "is_read": true,
            "final": null,
            "c_final": null,
            "comments": "null",
            "created_date": "2022-10-21T12:38:32.082Z",
            "type": "INVOICE"
        }
    },
    {
        "model": "transaction.workevents",
        "pk": 291,
        "fields": {
            "workitems": 103,
            "from_state": "FINANCE_REQUESTED",
            "action": "SAVE",
            "subaction": null,
            "to_state": "FINANCED",
            "interim_state": "FINANCED",
            "from_party": 2,
            "to_party": 60,
            "event_user": 12,
            "record_datas": null,
            "end": null,
            "is_read": true,
            "final": "YES",
            "c_final": null,
            "comments": "null",
            "created_date": "2022-10-21T12:38:34.837Z",
            "type": "INVOICE"
        }
    },
    {
        "model": "transaction.workevents",
        "pk": 292,
        "fields": {
            "workitems": 83,
            "from_state": "FINANCE_REQUESTED",
            "action": "SAVE",
            "subaction": null,
            "to_state": "FINANCED",
            "interim_state": "FINANCED",
            "from_party": 2,
            "to_party": 61,
            "event_user": 12,
            "record_datas": null,
            "end": null,
            "is_read": true,
            "final": "YES",
            "c_final": null,
            "comments": "null",
            "created_date": "2022-10-25T07:06:47.889Z",
            "type": "INVOICE"
        }
    },
    {
        "model": "transaction.workevents",
        "pk": 293,
        "fields": {
            "workitems": 83,
            "from_state": "FINANCE_REQUESTED",
            "action": "SAVE",
            "subaction": null,
            "to_state": "FINANCED",
            "interim_state": "FINANCED",
            "from_party": 2,
            "to_party": 61,
            "event_user": 12,
            "record_datas": null,
            "end": null,
            "is_read": true,
            "final": "YES",
            "c_final": null,
            "comments": "null",
            "created_date": "2022-10-25T07:07:05.358Z",
            "type": "INVOICE"
        }
    },
    {
        "model": "transaction.workevents",
        "pk": 294,
        "fields": {
            "workitems": 64,
            "from_state": "DRAFT",
            "action": "SUBMIT",
            "subaction": "MAKER",
            "to_state": "AWAITING_APPROVAL",
            "interim_state": "AWAITING_SIGN_A",
            "from_party": 11,
            "to_party": 11,
            "event_user": 16,
            "record_datas": {
                "party": "VENZO_3",
                "margin": "7.00",
                "status": null,
                "comments": "comment",
                "is_locked": true,
                "party_type": "BUYER",
                "expiry_date": "2022-11-30",
                "grace_period": 7,
                "program_type": "APF",
                "interest_rate": "None",
                "interest_type": "FIXED",
                "balance_amount": "None",
                "limit_currency": "USD",
                "maximum_amount": "25000.00",
                "maximum_period": "None",
                "minimum_amount": "None",
                "minimum_period": null,
                "financed_amount": "None",
                "finance_currency": null,
                "interest_rate_type": "NULL",
                "total_limit_amount": "50000.00",
                "settlement_currency": "USD",
                "finance_request_type": "AUTOMATIC",
                "max_age_for_repayment": null,
                "max_finance_percentage": "85.00",
                "max_invoice_age_for_funding": 90
            },
            "end": null,
            "is_read": true,
            "final": null,
            "c_final": null,
            "comments": "null",
            "created_date": "2022-10-25T08:20:48.758Z",
            "type": "PROGRAM"
        }
    },
    {
        "model": "transaction.workevents",
        "pk": 295,
        "fields": {
            "workitems": 104,
            "from_state": "DRAFT",
            "action": "SAVE",
            "subaction": null,
            "to_state": "DRAFT",
            "interim_state": "DRAFT",
            "from_party": 11,
            "to_party": 11,
            "event_user": 16,
            "record_datas": null,
            "end": null,
            "is_read": true,
            "final": null,
            "c_final": null,
            "comments": null,
            "created_date": "2022-10-25T16:33:46.274Z",
            "type": "UPLOAD"
        }
    },
    {
        "model": "transaction.workevents",
        "pk": 296,
        "fields": {
            "workitems": 105,
            "from_state": "DRAFT",
            "action": "SAVE",
            "subaction": null,
            "to_state": "DRAFT",
            "interim_state": "DRAFT",
            "from_party": 11,
            "to_party": 11,
            "event_user": 16,
            "record_datas": null,
            "end": null,
            "is_read": true,
            "final": null,
            "c_final": null,
            "comments": null,
            "created_date": "2022-10-25T16:39:27.522Z",
            "type": "UPLOAD"
        }
    },
    {
        "model": "transaction.workevents",
        "pk": 297,
        "fields": {
            "workitems": 106,
            "from_state": "DRAFT",
            "action": "SAVE",
            "subaction": null,
            "to_state": "DRAFT",
            "interim_state": "DRAFT",
            "from_party": 11,
            "to_party": 11,
            "event_user": 16,
            "record_datas": null,
            "end": null,
            "is_read": true,
            "final": null,
            "c_final": null,
            "comments": null,
            "created_date": "2022-10-25T16:39:33.026Z",
            "type": "UPLOAD"
        }
    },
    {
        "model": "transaction.workevents",
        "pk": 298,
        "fields": {
            "workitems": 107,
            "from_state": "DRAFT",
            "action": "SAVE",
            "subaction": null,
            "to_state": "DRAFT",
            "interim_state": "DRAFT",
            "from_party": 11,
            "to_party": 11,
            "event_user": 16,
            "record_datas": null,
            "end": null,
            "is_read": true,
            "final": null,
            "c_final": null,
            "comments": null,
            "created_date": "2022-10-26T04:59:02.811Z",
            "type": "UPLOAD"
        }
    }
]